Date,ARIMA_Return_Forecast
2010-03-15,
2010-03-16,-0.5752082453136196
2010-03-17,-0.45965448516260954
2010-03-18,-0.006914223783668821
2010-03-19,-0.06957917371543729
2010-03-22,-0.17916761530749825
2010-03-23,-0.07860402685401835
2010-03-24,0.11910448542631535
2010-03-25,0.12744830031653037
2010-03-26,0.020484835200556217
2010-03-29,0.14293917735761374
2010-03-30,0.14194740217116703
2010-03-31,0.2308777049836771
2010-04-01,0.169062564186582
2010-04-02,0.19462778688190263
2010-04-05,0.2035162923399898
2010-04-06,0.19448267675033926
2010-04-07,0.1975233049828072
2010-04-08,0.1939391165267681
2010-04-09,0.1733859385472293
2010-04-12,0.18833666200020618
2010-04-14,0.1737261214446022
2010-04-15,0.21090800316283254
2010-04-21,0.2227383792692046
2010-04-22,0.3486479932826141
2010-04-23,0.37815209460881327
2010-04-26,0.43514821966061557
2010-04-27,0.3945742929900914
2010-04-28,0.33675308332811094
2010-04-30,0.31780353635492475
2010-05-03,0.22707444184344183
2010-05-07,0.2838948642975152
2010-05-10,0.14261914038536894
2010-05-11,0.29546835755474143
2010-05-12,0.20104657435197248
2010-05-13,0.32392917840690594
2010-05-14,0.22716159231009914
2010-05-18,0.25217689947278776
2010-05-19,0.19329215223629903
2010-05-20,0.17632555045895337
2010-05-26,0.10070784703806623
2010-05-27,0.10532458570796477
2010-05-28,0.11614920090888115
2010-05-31,0.13006487643760245
2010-06-01,0.16756368465067495
2010-06-03,0.1510491544273601
2010-06-04,0.1606016178164807
2010-06-07,0.11203557182441903
2010-06-08,0.10302631270395302
2010-06-09,0.07095142826460898
2010-06-10,0.04098575476754274
2010-06-11,0.08140199832005846
2010-06-16,0.051464025488456855
2010-06-17,0.12171754250645717
2010-06-18,0.1044998006195017
2010-06-21,0.14168173195713502
2010-06-22,0.11224648099150902
2010-06-23,0.14369946606683637
2010-06-24,0.09844302002501071
2010-06-25,0.12380679066991962
2010-06-28,0.08712975632880704
2010-06-29,0.10503167074910574
2010-06-30,0.04187389740309655
2010-07-02,0.06549756497828962
2010-07-05,0.008725658134018766
2010-07-06,0.0334514027969266
2010-07-07,0.011221387411967154
2010-07-08,0.06173612761919234
2010-07-12,0.024252022160222486
2010-07-14,0.06793803260679387
2010-07-15,0.04042368354410303
2010-07-16,0.04352172416755207
2010-07-26,0.03764903464883668
2010-08-02,0.03372339894286849
2010-08-03,0.04287305796490304
2010-08-04,0.03134311924817046
2010-08-06,0.052535121549235786
2010-08-09,0.03260724811617993
2010-08-10,0.05086865737723095
2010-08-11,0.025764001757356603
2010-08-12,0.02092211202071681
2010-08-13,0.02500994420108671
2010-08-16,-0.014074141968566156
2010-08-17,0.011225444117322902
2010-08-19,-0.001340930089057224
2010-08-20,-0.010422476053205454
2010-08-23,0.008844393252593397
2010-08-24,-0.022960579125804292
2010-08-25,-0.01685228237359926
2010-08-26,-0.020944373602257538
2010-08-27,-0.04607278443134144
2010-08-30,-0.01648971481196415
2010-08-31,-0.042377909063305075
2010-09-01,-0.02231311736014889
2010-09-02,-0.01629233097286087
2010-09-03,-0.021489441709752644
2010-09-06,0.015930116889651513
2010-09-07,-0.010599527880768678
2010-09-08,0.025109570624163774
2010-09-09,0.009679071675103401
2010-09-10,0.013230277105985122
2010-09-13,0.025261678622527938
2010-09-14,0.0236355674660913
2010-09-15,0.022565764169334535
2010-09-16,0.03520751454709092
2010-09-17,0.038247665182429724
2010-09-21,0.03250026250535354
2010-09-22,0.0542671138189241
2010-09-23,0.042130292527032265
2010-09-27,0.047304986116692205
2010-09-28,0.05009162376403198
2010-09-29,0.04416940909103151
2010-09-30,0.04822884582156328
2010-10-01,0.026888522786606806
2010-10-04,0.041622789387375014
2010-10-05,0.017011580438881513
2010-10-06,0.04755585286506259
2010-10-07,0.0063266221896405295
2010-10-08,0.057910409057630396
2010-10-11,0.032609928400397226
2010-10-12,0.04327077161185733
2010-10-14,0.05099892835969044
2010-10-15,0.0475802431370147
2010-10-18,0.0703906279640889
2010-10-19,0.0510862976873836
2010-10-20,0.07837991891084184
2010-10-26,0.07785059754587942
2010-10-27,0.05410603954133958
2010-10-28,0.07008651406503377
2010-10-29,0.05385248884848848
2010-11-02,0.0593123409893721
2010-11-03,0.05912772586680792
2010-11-04,0.04543708531849189
2010-11-05,0.06768453263614516
2010-11-08,0.05362853382639893
2010-11-09,0.0767912260304281
2010-11-10,0.05392161553258312
2010-11-11,0.07485937593640507
2010-11-16,0.050839761281073426
2010-11-18,0.06420614675291425
2010-11-19,0.06658618849164055
2010-11-22,0.03890616642377609
2010-11-23,0.08350140485668334
2010-11-25,0.037906809000665564
2010-11-29,0.08628895808746528
2010-11-30,0.04579972276824873
2010-12-02,0.06166420481635071
2010-12-03,0.06357186917007307
2010-12-06,0.044649616388808155
2010-12-07,0.06257265880625734
2010-12-08,0.04355959200080217
2010-12-09,0.06532035543368919
2010-12-10,0.04164158236582172
2010-12-13,0.063733928624953
2010-12-14,0.04610212978021662
2010-12-15,0.05492750049568801
2010-12-16,0.05265778315187805
2010-12-20,0.05030158347995331
2010-12-21,0.051046118376884886
2010-12-28,0.0512835790703835
2010-12-29,0.05196351476499356
2010-12-30,0.053904604281833524
2010-12-31,0.052210123936707986
2011-01-03,0.052727178160620725
2011-01-04,0.05470139545515562
2011-01-05,0.04243763869948192
2011-01-07,0.06525727188209085
2011-01-10,0.05264269872122723
2011-01-11,0.06732457279554405
2011-01-12,0.054252667352949646
2011-01-13,0.07827721380681624
2011-01-14,0.058145612788927464
2011-01-17,0.07586670913268723
2011-01-19,0.057588279649628316
2011-01-20,0.08162442651601265
2011-01-26,0.04649981689027438
2011-01-27,0.07211892496990491
2011-01-28,0.03817361889118803
2011-01-31,0.05907067983895975
2011-02-01,0.054833569542677485
2011-02-02,0.04065715438231676
2011-02-03,0.04793989213219446
2011-02-04,0.055459013983689937
2011-02-07,0.05140721902559675
2011-02-17,0.050657763312459636
2011-02-18,0.04716756947350775
2011-02-21,0.06085859043479913
2011-02-22,0.04314579218026715
2011-02-23,0.05139349730851306
2011-02-24,0.02231349277114114
2011-02-28,0.03427268259566496
2011-03-01,0.03786971018376972
2011-03-03,0.026722961850748406
2011-03-07,0.05292897132053631
2011-03-09,0.015769935097661114
2011-03-14,0.05730298021842395
2011-03-15,0.0263382743588626
2011-03-16,0.030765546992888693
2011-03-17,0.031722373385023594
2011-03-21,0.035614640797270614
2011-03-22,-0.0021651393021147047
2011-03-23,0.020366395850590968
2011-03-24,0.0219842521593836
2011-03-25,0.03047955913051803
2011-03-28,0.016198354265021253
2011-03-29,0.02792984088440509
2011-03-30,0.036094399277567996
2011-03-31,0.02606191773012123
2011-04-01,0.03549564819709408
2011-04-04,0.02202947425728552
2011-04-07,0.032604736810544876
2011-04-08,0.021353266940776494
2011-04-11,0.01849050553660403
2011-04-12,0.021454725351521375
2011-04-13,0.018940025950421546
2011-04-14,0.010052940687836465
2011-04-19,0.011450002671364312
2011-04-20,0.02671144680501114
2011-04-21,0.002466357688105214
2011-04-22,0.028319250410015817
2011-04-25,0.012019711385746756
2011-04-27,0.03654837142976261
2011-05-02,0.025724475582714415
2011-05-03,0.030164158135894126
2011-05-04,0.03222286225693194
2011-05-09,0.02006513298358903
2011-05-10,0.029633004304610147
2011-05-11,0.025702143247858855
2011-05-18,0.025980063003467502
2011-05-19,0.033921559696453496
2011-05-24,0.018721770376474378
2011-05-25,0.03377919717884925
2011-05-26,0.030662783126967685
2011-05-27,0.01959261199310336
2011-05-30,0.03974094417732554
2011-05-31,0.024109041477054838
2011-06-01,0.023810737898046774
2011-06-02,0.04562935921055189
2011-06-03,0.035028470301172177
2011-06-06,0.03382694852018642
2011-06-07,0.036520363261096644
2011-06-08,0.03331581611127454
2011-06-09,0.03132851338500353
2011-06-10,0.017922966244904665
2011-06-13,0.02465227101012979
2011-06-14,0.026652761595139296
2011-06-17,0.013625421094947354
2011-06-20,0.011956656528570475
2011-06-21,0.031041607062654908
2011-06-22,0.019250856781842574
2011-06-23,-0.0021275025651363855
2011-06-24,0.041912276765882606
2011-06-27,-0.00668966853295061
2011-06-28,0.052077641498884386
2011-06-29,-0.002672360963505316
2011-06-30,0.038176626266028524
2011-07-04,0.022381781795413058
2011-07-05,0.028657959249936082
2011-07-06,0.01917002343030183
2011-07-07,0.03879961352553596
2011-07-08,0.024917701990006313
2011-07-11,0.031149791136548588
2011-07-12,0.03298322795936848
2011-07-13,0.04424641692256703
2011-07-14,0.02660853563780141
2011-07-15,0.03023583931147167
2011-07-18,0.03930473180632088
2011-07-19,0.02572314800825648
2011-07-22,0.03746702407973168
2011-07-25,0.04583961778893153
2011-07-26,0.040117643108657175
2011-07-27,0.049557593145918566
2011-07-28,0.04387381278406166
2011-07-29,0.06902569138575354
2011-08-08,0.0333222525061192
2011-08-12,0.04943277758197606
2011-08-16,0.06039639695425847
2011-08-17,0.012894909042620584
2011-08-18,0.051769187457063826
2011-08-19,0.01756722679158651
2011-08-29,0.05370514569187845
2011-08-31,0.01804172564526363
2011-09-01,0.008907577888995655
2011-09-02,0.032149991911800235
2011-09-05,0.010494588674924588
2011-09-06,0.02660317132843537
2011-09-07,-0.005142546898530109
2011-09-08,0.026438531582144487
2011-09-09,0.0012134258926495
2011-09-12,0.022451375563173892
2011-09-13,0.01884805415166224
2011-09-15,0.005481463533129061
2011-09-16,0.012856764284942868
2011-09-19,0.014369017057439981
2011-09-20,0.013129245491518393
2011-09-21,0.014268406139991585
2011-09-22,0.03151408627462077
2011-09-23,0.023011918088227334
2011-09-26,0.038621846259056736
2011-09-27,0.006311797819460119
2011-09-28,0.030746141558740003
2011-09-30,0.017662023093580614
2011-10-03,0.018551778686803466
2011-10-04,0.023766168899036932
2011-10-05,0.01076711176301326
2011-10-06,0.009278157888857552
2011-10-07,-0.00252227943167066
2011-10-12,0.015345627734348888
2011-10-13,0.012982563849796569
2011-10-20,-0.002148189050419358
2011-10-21,0.0016305052390718222
2011-10-24,0.014386150715522406
2011-10-27,0.005960269306209298
2011-10-28,-0.009915850623029576
2011-10-31,0.018989523268993058
2011-11-01,0.008281855730513168
2011-11-02,0.013416762440929375
2011-11-03,0.020291000490762268
2011-11-04,0.00029756397544355995
2011-11-07,0.005924496261763612
2011-11-08,0.016384651667893296
2011-11-09,0.006290576018045946
2011-11-10,0.0005556524089904702
2011-11-11,0.02789112893895984
2011-11-14,0.0035536558875221003
2011-11-15,-0.0014081981244954411
2011-11-16,0.009310147352578957
2011-11-17,-0.021972031796200775
2011-11-22,0.01982028318820861
2011-11-23,-0.0024198676412907627
2011-11-24,-0.016054555423484995
2011-11-25,0.019772716028717774
2011-11-28,-0.016633470913378023
2011-11-29,0.0008205254094759695
2011-12-01,-0.028691626572820317
2011-12-02,0.02022355261432751
2011-12-05,-0.023315138257260448
2011-12-09,0.012502989681699328
2011-12-12,-0.010147879550931826
2011-12-13,0.005496323329349739
2011-12-14,0.003169329179056657
2011-12-15,0.003381443534420381
2011-12-16,0.008505640124568337
2011-12-19,-0.009551210699193069
2011-12-20,-0.00396045431865652
2011-12-27,-0.0027551531591405443
2011-12-30,-0.020320040717391574
2012-01-04,0.017210282197496096
2012-01-05,-0.0055185926600324064
2012-01-06,0.00571475707555924
2012-01-09,-0.002583318277565083
2012-01-10,0.00492869313662625
2012-01-11,0.008966166465479264
2012-01-13,0.002983907312541223
2012-01-18,0.009640420682276607
2012-01-19,0.00664216932625894
2012-01-23,-0.00036223712828914456
2012-01-24,0.014131706357217722
2012-01-25,-0.007377107096394164
2012-01-26,0.02977732822315815
2012-01-27,-0.031663724749335875
2012-01-30,0.045005152634713774
2012-01-31,-0.00801533498446061
2012-02-01,0.022152330874445125
2012-02-02,0.008931931020425776
2012-02-03,0.022627500910735454
2012-02-06,0.015233583506652049
2012-02-07,0.012810684098344294
2012-02-08,0.017100588047682774
2012-02-14,0.0164957960795189
2012-02-15,0.016216818221883256
2012-02-16,0.0201112930991052
2012-02-17,0.040476750322972044
2012-02-20,0.0053182275446500005
2012-02-21,0.03472705151382938
2012-02-22,0.002707968500378355
2012-02-23,0.04082210374240447
2012-02-24,0.019368972410818752
2012-02-27,0.02652944381630773
2012-02-28,0.02077689926594367
2012-02-29,0.030174836063064925
2012-03-01,0.019690975333989225
2012-03-02,0.0326803682949342
2012-03-05,0.0322969130243103
2012-03-06,0.03317533779615456
2012-03-07,0.04478702827776371
2012-03-08,0.023619397023504657
2012-03-09,0.03261418088037815
2012-03-14,0.01616433280950247
2012-03-15,0.04046509907001905
2012-03-19,0.008982183912686681
2012-03-21,0.06118945927184649
2012-03-22,0.009192478401043647
2012-03-23,0.06337046913382727
2012-03-26,0.028128977670576316
2012-03-30,0.049031425638461856
2012-04-02,0.021073163927718186
2012-04-03,0.062050552774636
2012-04-04,0.007390679598569427
2012-04-05,0.05467830395981621
2012-04-06,0.04332587525741094
2012-04-09,0.03586082857052586
2012-04-10,0.049124140062003246
2012-04-11,0.04312075569718299
2012-04-12,0.05283517064242177
2012-04-13,0.038944620213506365
2012-04-16,0.04617241917319004
2012-04-17,0.0508640951550432
2012-04-18,0.05072577015696034
2012-04-19,-0.007368979233182138
2012-04-20,0.0643480551725153
2012-04-23,0.03621097317610755
2012-04-24,0.04039090449619531
2012-04-25,0.019385606602801753
2012-04-26,0.04280581978762932
2012-05-01,-0.01353932073010955
2012-05-02,0.059168203137513864
2012-05-03,0.013510662425247788
2012-05-04,0.034789420913614255
2012-05-07,0.029306163529767337
2012-05-08,0.042725932363648855
2012-05-09,0.008539816165717334
2012-05-10,0.03602503787380815
2012-05-11,0.01629304389042384
2012-05-14,0.027826544697000688
2012-05-18,0.02538317077428709
2012-05-21,0.029706914250264504
2012-05-22,0.01671216778460982
2012-05-23,-0.0021730718172670027
2012-05-28,0.050694289853918884
2012-05-30,-0.0005442268640754033
2012-05-31,0.03944731454974426
2012-06-04,0.021370579425814717
2012-06-05,0.042677219863878735
2012-06-06,0.02412184895702041
2012-06-13,0.04138920059953011
2012-06-14,0.019915803919739128
2012-06-19,0.04800803385514715
2012-06-20,0.025931016997739587
2012-06-21,0.03661330223943135
2012-06-22,0.033012748197378206
2012-06-25,0.040487918655043975
2012-06-26,0.02044196054750369
2012-06-27,0.04888307519812074
2012-06-29,0.015385067184274515
2012-07-02,0.03546615890122373
2012-07-03,0.012020873432145085
2012-07-12,0.03806119490088644
2012-07-13,0.026170602116095232
2012-07-16,0.04713316978391546
2012-07-17,0.021559280794718527
2012-07-18,0.04269561725890099
2012-07-19,0.03179177292367058
2012-07-23,0.03905596266781941
2012-07-24,0.026057959541619546
2012-07-25,0.043983953188229175
2012-07-26,0.03379028122418415
2012-07-27,0.059891795996928954
2012-07-30,0.01151365468453669
2012-07-31,0.03107886346453581
2012-08-01,0.023504430379717167
2012-08-02,0.02574222874883403
2012-08-03,0.04757537285720165
2012-08-06,0.028377809147595356
2012-08-07,0.033979950313802965
2012-08-08,0.033801851932082294
2012-08-09,0.04337084925502466
2012-08-10,0.03622896203091697
2012-08-13,0.035825242976072175
2012-08-14,0.03939731852506034
2012-08-15,0.03067648385564825
2012-08-17,0.04419971461082989
2012-08-23,0.038686210006158905
2012-08-24,0.03022989148271127
2012-09-03,0.05418326158397985
2012-09-04,0.03190813062193898
2012-09-05,0.03769169358627594
2012-09-06,0.04471590838142181
2012-09-07,0.04411617577323579
2012-09-10,0.03390856956290378
2012-09-11,0.04274818652110679
2012-09-12,0.056080303904522566
2012-09-17,0.029983123719477422
2012-09-18,0.03554698928957467
2012-09-19,0.035493399158183336
2012-09-20,0.04275434362916211
2012-09-21,0.040045400149569366
2012-09-24,0.04428139306502646
2012-09-25,0.03640738991774428
2012-09-26,0.049462626423215195
2012-09-27,0.04491706926910899
2012-09-28,0.035764717740790264
2012-10-01,0.017857651683582887
2012-10-02,0.058293704909120336
2012-10-12,0.024030991520059886
2012-10-15,0.03432452314886996
2012-10-16,0.028575585535496828
2012-10-17,0.02947545681401964
2012-10-18,0.021320649802452407
2012-10-19,0.048106820758421875
2012-10-22,0.035450131143807795
2012-10-23,0.04944270279503149
2012-10-24,-0.009121305598883023
2012-10-25,0.07457901393405142
2012-10-26,-0.004703033118325983
2012-10-29,0.054233405201070006
2012-10-30,0.01400928487385078
2012-10-31,0.039496856983916806
2012-11-01,0.01281307262832071
2012-11-02,0.02884739211906829
2012-11-05,0.017373949227033947
2012-11-09,0.04433778579150127
2012-11-13,-0.004844118670110031
2012-11-14,0.025421655313265457
2012-11-21,0.01957670602368944
2012-11-22,0.02921511114530817
2012-11-23,0.014015202957934347
2012-11-26,0.014279770960282323
2012-11-27,0.027185876304874013
2012-11-28,0.001231233630592854
2012-11-29,0.045115014321942426
2012-11-30,0.013787417260171853
2012-12-03,0.024034897890402918
2012-12-04,0.029711831320941573
2012-12-05,0.01979628491412644
2012-12-06,0.03650397520754112
2012-12-07,0.038905903760695804
2012-12-10,-0.006677713491739068
2012-12-11,0.04713631668667695
2012-12-12,-0.0015535251053215848
2012-12-13,0.010754296765901228
2012-12-14,0.021904509631591518
2012-12-17,0.021180387201668704
2012-12-18,0.029619537864577827
2012-12-21,-0.014047686147761418
2012-12-24,0.009344001219672271
2012-12-26,0.01932906613653812
2012-12-28,0.00861221121763213
2012-12-31,0.01612955560137308
2013-01-02,0.017355812045991126
2013-01-03,-0.016676263855750717
2013-01-04,0.019345805254549986
2013-01-07,0.028119413408889127
2013-01-08,0.028762560913420998
2013-01-09,0.010455969042445418
2013-01-10,0.015444867967913778
2013-01-11,0.02304096059874372
2013-01-14,-0.0006336643130882003
2013-01-15,0.026449765494772404
2013-01-18,0.02530340056221947
2013-01-21,0.016797895005739916
2013-01-22,0.001004343184031753
2013-01-23,0.0010146421458435695
2013-01-24,0.007961332542988142
2013-01-25,-0.0067740167295307074
2013-01-28,0.042168109806870246
2013-02-04,-0.009514857856134151
2013-02-05,-0.008690084206695481
2013-02-06,0.021717878450959294
2013-02-07,-0.03575425611061456
2013-02-08,0.02611863355825883
2013-02-11,-0.029622049773301518
2013-02-12,0.018392713096231583
2013-02-13,-0.006075492356687695
2013-02-14,0.03078357676867216
2013-02-15,-0.00974285161358096
2013-02-18,0.013950358625919868
2013-02-19,0.006449976914780331
2013-02-20,0.0006568985677304351
2013-02-21,0.0038504388832334424
2013-02-22,0.015535037619902603
2013-02-25,-0.006563937478384019
2013-03-01,-0.003899298625003045
2013-03-04,0.01259337712757791
2013-03-05,0.0032090137087341652
2013-03-06,0.0037326693235189
2013-03-11,-0.02997155861551104
2013-03-12,0.017506884304219206
2013-03-13,-0.029214085492869968
2013-03-15,0.02219634906834811
2013-03-18,-0.025698558857958798
2013-03-19,-0.011679245851631936
2013-03-20,-0.016448685895433246
2013-03-21,0.008370586130811375
2013-03-22,-0.0059782063458549695
2013-03-25,-0.002371611821224917
2013-03-26,-0.015275845977048674
2013-03-28,0.005698064018186788
2013-03-29,-0.0013704388542818968
2013-04-02,0.010993833642848116
2013-04-05,0.005306282681751373
2013-04-08,-0.015874424345285187
2013-04-09,0.00442779077280081
2013-04-10,-0.020180130769499788
2013-04-11,-0.001178711757611639
2013-04-16,-0.02322068211224848
2013-04-17,0.00709264200275328
2013-04-18,-0.02216717779884103
2013-04-19,0.033819856834743645
2013-04-22,-0.020116103827793386
2013-04-23,-0.005446385044983959
2013-04-24,-0.029619377389593637
2013-04-25,-0.009990947493979552
2013-04-26,-0.0071559942613844685
2013-04-30,-0.014659893992658546
2013-05-02,-0.01752821370629465
2013-05-03,-0.01669857491082616
2013-05-06,-0.003432932758198892
2013-05-07,-0.007044731984146457
2013-05-08,-0.011088236870754997
2013-05-13,0.011596197876633352
2013-05-14,-0.012319841714668933
2013-05-16,0.008692120810662507
2013-05-17,0.01219303361721269
2013-05-20,-0.01578808870619841
2013-05-21,0.012646685494458909
2013-05-23,-0.019903484431914142
2013-05-24,0.02084465457452106
2013-05-28,-0.01090534906631968
2013-05-29,0.005746932399779137
2013-05-30,0.00042084299544292714
2013-05-31,-0.001288937340571783
2013-06-03,-0.0029364574823837475
2013-06-04,0.01144829982128559
2013-06-05,-0.0018230731743772988
2013-06-06,0.009704956479351323
2013-06-07,0.005737192148881798
2013-06-10,0.00942148903104223
2013-06-11,-0.008557924523573623
2013-06-12,0.011864538127833474
2013-06-13,-0.003869966858130791
2013-06-14,0.010337705910818673
2013-06-17,-0.012629322019543587
2013-06-18,0.015545961778248851
2013-06-20,-0.014647700566966779
2013-06-21,0.007599014315672226
2013-06-26,0.001980629098738307
2013-07-01,-0.0009116271983004021
2013-07-02,0.0006415279753608782
2013-07-04,-0.027848354088403804
2013-07-05,0.0005924181202831003
2013-07-08,0.004772212585610169
2013-07-09,-0.0038968144684125017
2013-07-10,0.004198472877015691
2013-07-11,-0.015268847465323976
2013-07-12,0.011648223190698692
2013-07-15,-0.016814233011256063
2013-07-16,0.013172994445494482
2013-07-17,-0.008061162608638928
2013-07-18,0.0026520781541849447
2013-07-19,0.0006006032455563026
2013-07-22,0.00023661275949793392
2013-07-23,0.01188933536549186
2013-07-24,-0.008794917543825553
2013-07-25,0.015064501707661826
2013-07-29,-0.04066427947715234
2013-08-02,0.03223044705353306
2013-08-06,-0.025069946944961785
2013-08-07,0.014137597941986102
2013-08-08,0.004883806056500795
2013-08-09,0.003998494902982791
2013-08-12,0.005379375227960725
2013-08-13,0.010516149104242256
2013-08-14,-0.020952052183975223
2013-08-15,-0.008388771621925972
2013-08-16,0.009046396232404885
2013-08-19,0.012462141368082047
2013-08-20,0.003927265551500914
2013-08-22,0.009691438586560408
2013-08-26,0.021690664118360625
2013-08-27,0.00349963432381567
2013-09-03,0.013700608802817982
2013-09-10,0.026797558839623203
2013-09-13,-0.002422055077098584
2013-09-17,0.028828317637779932
2013-09-18,0.001698986949848269
2013-09-20,-0.0014897575316394907
2013-09-23,-0.0026912613899415794
2013-09-25,0.0182575767751052
2013-09-27,-0.030399600455162767
2013-09-30,0.0449797244496728
2013-10-01,-0.008465011904616127
2013-10-02,0.02528492077604283
2013-10-03,-0.01859768732542144
2013-10-04,0.02414893579298094
2013-10-07,0.0076552382914159
2013-10-08,0.008308619460297817
2013-10-09,0.0018069770525003248
2013-10-10,0.020799390447358346
2013-10-11,-0.008474377563401747
2013-10-14,0.014286332826698722
2013-10-15,0.0010138633662974406
2013-10-16,0.009884172504011357
2013-10-17,0.006018215602623556
2013-10-23,0.009213525561801605
2013-10-24,0.006578401024297409
2013-10-25,0.007080206425002955
2013-10-28,0.006560379048070164
2013-10-29,0.022996678835903284
2013-10-30,0.0006545339332446609
2013-11-06,0.03382745869854853
2013-11-08,-0.014569832703587915
2013-11-14,0.0280430281203633
2013-11-15,-0.0098397362527326
2013-11-18,0.016725795676040767
2013-11-19,0.015042701170898787
2013-11-20,0.018379249184340307
2013-11-21,0.00623648134222643
2013-11-22,0.019597253069508547
2013-11-27,-0.0022132896104197775
2013-11-28,0.020779035093526632
2013-11-29,-0.009605079710071962
2013-12-02,0.01572926023959087
2013-12-03,0.0142755481729534
2013-12-04,0.019301952614962703
2013-12-05,-0.006406408043379552
2013-12-06,0.030963161559591057
2013-12-09,0.0035976027794606402
2013-12-10,0.0317709708463525
2013-12-11,-0.0027083931574257147
2013-12-12,0.027913877718955593
2013-12-13,0.012227434833874118
2013-12-16,0.017210200056339664
2013-12-17,0.01909360471283711
2013-12-18,0.006450129324782727
2013-12-19,0.021020070486010956
2013-12-20,0.013329530670592948
2013-12-23,0.01857021457306096
2013-12-24,0.0005451930577518027
2013-12-25,-0.0045994136245275374
2013-12-26,0.02997059234331978
2013-12-27,0.009363815738854586
2013-12-30,0.016970620634812028
2014-01-02,0.01639871675080562
2014-01-09,0.01772084811862351
2014-01-10,0.01785594325641282
2014-01-17,0.014676223144184097
2014-01-23,0.01147662914769998
2014-01-24,0.02231189507974496
2014-01-27,-0.007326748076732281
2014-01-28,0.027384508127893503
2014-01-29,-0.010986491774850116
2014-01-30,0.04586145759503091
2014-01-31,-0.017209059733103993
2014-02-03,0.013692042180100158
2014-02-04,-0.00780156406595868
2014-02-05,0.004876523132367305
2014-02-07,-0.010320169601261586
2014-02-10,0.004910868799642865
2014-02-11,-0.007670623193337889
2014-02-12,-0.0005023227716502987
2014-02-13,0.0007555564182507579
2014-02-14,0.009300171755788567
2014-02-17,-0.0054048654848799504
2014-02-18,0.015744584836748787
2014-02-20,-8.987967820202336e-05
2014-02-25,0.012574292225250971
2014-02-26,0.011811279038307143
2014-02-27,0.009798197546827092
2014-02-28,0.007667550331980744
2014-03-05,-0.009586928341173806
2014-03-06,0.01735559012236837
2014-03-12,-0.0024270877988130657
2014-03-13,0.012835846161182607
2014-03-17,0.000888752671853621
2014-03-18,0.015153218439456495
2014-03-21,-0.0046663640339527634
2014-03-24,0.004778131997146939
2014-03-25,0.00049906608912198
2014-03-26,0.001582206489611937
2014-03-27,0.0037205787198713036
2014-03-28,0.016130265408927036
2014-03-31,0.0037585026794023924
2014-04-01,0.008589465923215023
2014-04-02,0.004464696456657813
2014-04-03,0.0012381538402785885
2014-04-07,0.00921845553642936
2014-04-09,0.010066798084529482
2014-04-10,0.01294494404144908
2014-04-11,-0.008063047119638234
2014-04-14,0.022367865758803784
2014-04-15,-0.0018771369012441919
2014-04-16,0.0051264822221234185
2014-04-18,0.007830170532012681
2014-04-21,-0.0009495882502803532
2014-04-22,-0.0011787304560170742
2014-04-23,0.007728339006072407
2014-04-25,0.002028589103497458
2014-04-28,0.013544585373631901
2014-05-02,-0.009196040549531936
2014-05-06,-0.01276340433882317
2014-05-07,0.01775942165896216
2014-05-08,0.0069149185096273325
2014-05-09,0.007304153333227925
2014-05-12,0.005487368689865213
2014-05-13,0.007108126949494253
2014-05-14,-0.004550183722499601
2014-05-15,0.010880119998389531
2014-05-16,0.0027011372301082304
2014-05-19,0.012154872372893033
2014-05-27,-0.009300121697853658
2014-05-28,0.007804371206455607
2014-05-29,0.006241549481253272
2014-05-30,0.007895678974345843
2014-06-04,-0.005804011333974346
2014-06-06,0.01792754123792395
2014-06-09,-0.006158641055900749
2014-06-10,0.01802676667443648
2014-06-11,-0.008615430950400627
2014-06-12,0.016265776286406464
2014-06-13,0.008423244548617426
2014-06-18,0.020227500182866343
2014-06-19,0.006679496859482603
2014-06-20,0.006056176473824282
2014-06-23,0.009559241574244925
2014-06-24,0.01079665310783462
2014-06-25,0.0028613636678984644
2014-06-26,0.010443392666337259
2014-07-01,0.0003572449485896856
2014-07-03,0.0032745448167077473
2014-07-04,0.0018831310686858171
2014-07-08,0.0030991678338525563
2014-07-11,-0.005271410867832227
2014-07-15,0.018987857316581147
2014-07-16,-0.0014931173571018919
2014-07-22,0.01944347609342717
2014-07-23,0.0007046621422159838
2014-07-24,0.0018039404719827346
2014-07-25,-0.008081460727158873
2014-07-28,0.018176809391831916
2014-07-29,-0.0036898892053922605
2014-07-30,0.006588126026055352
2014-07-31,0.014497793359534578
2014-08-04,0.007081977823196528
2014-08-05,0.0252862509807259
2014-08-06,-0.0020304446744389693
2014-08-07,0.013257848084657575
2014-08-08,0.00107872026568602
2014-08-11,0.0070656174533670485
2014-08-12,0.0010308368558887837
2014-08-13,-0.001135522827873492
2014-08-14,0.009576228170611878
2014-08-15,-0.0051930047285349
2014-08-18,0.011879926717970779
2014-08-19,-7.705807926017272e-05
2014-08-20,0.0031036240804599435
2014-08-21,0.0019095978289808135
2014-08-25,0.012671614327420824
2014-08-27,0.006109616412962038
2014-08-28,0.008255467071202283
2014-08-29,0.0011197216368063478
2014-09-05,0.013801820925095104
2014-09-08,0.00499033389547443
2014-09-09,0.007204951797147252
2014-09-10,0.016046768842702175
2014-09-15,0.0067918756055507234
2014-09-22,-0.008705314023563782
2014-09-23,0.02389779206275295
2014-09-24,0.002370053334788569
2014-09-25,0.007231102189160454
2014-09-29,0.022661801039574048
2014-09-30,0.029418565532852714
2014-10-01,-9.399102678059323e-05
2014-10-02,0.009887376383777902
2014-10-03,0.017393135509390034
2014-10-06,-0.0032501555448856134
2014-10-07,0.016353799531987206
2014-10-08,0.0025118459378156155
2014-10-10,0.015108066858560143
2014-10-13,-0.011479510245323676
2014-10-14,0.022366285065569702
2014-10-15,0.005275271187289876
2014-10-16,0.015528555751731954
2014-10-17,0.008971490445595198
2014-10-20,0.010752583061607313
2014-10-21,-0.009978374899217934
2014-10-22,-0.0002938658431432817
2014-10-23,-0.0065508006884758
2014-10-24,0.013808669799928008
2014-10-27,-0.005699912346977198
2014-10-28,0.017380128592858896
2014-10-29,0.005882706387226988
2014-10-30,0.002527529051098265
2014-10-31,0.01293772866094589
2014-11-03,0.012242044998403423
2014-11-04,0.0037622628159280636
2014-11-05,0.00861929004952966
2014-11-06,0.019515264295234813
2014-11-07,0.005660554663381348
2014-11-10,0.01396021605358698
2014-11-11,0.009288000739531066
2014-11-12,0.014770732720641888
2014-11-13,0.004651421581400528
2014-11-14,0.007684031555977078
2014-11-19,0.007408465089646099
2014-11-20,0.0112232737825404
2014-11-21,0.02129789268351001
2014-11-24,0.0012213614864278743
2014-11-25,0.022450308800052277
2014-11-26,-0.00024452592853585475
2014-11-27,0.03205838587680543
2014-11-28,-0.001405285517765753
2014-12-01,0.02820659436318279
2014-12-02,0.011030106863050282
2014-12-03,0.04084582872958098
2014-12-04,-0.00021381527796737743
2014-12-05,0.015273473999505294
2014-12-08,0.016674094578635612
2014-12-09,0.016392872496865163
2014-12-10,0.025960277191676817
2014-12-11,-0.00527031867749872
2014-12-16,0.036644475608367144
2014-12-17,-0.001025061052703058
2014-12-18,0.026590959842961892
2014-12-19,-0.016927197686164908
2014-12-22,0.011036084481524933
2014-12-23,0.020241796236888487
2014-12-24,0.002654136577868116
2014-12-25,0.02340754596633876
2014-12-30,0.009892159717064697
2014-12-31,0.004517422942824201
2015-01-02,0.029149105481563797
2015-01-07,0.01654755957117615
2015-01-08,0.014772792491715814
2015-01-13,-0.0016261465506883788
2015-01-14,-0.004481226322652354
2015-01-15,0.0209730451996073
2015-01-16,0.015548682700073035
2015-01-19,0.03238830843075613
2015-01-20,0.00490674919536227
2015-01-21,0.00035888393814342834
2015-01-22,0.022040986654272454
2015-01-23,0.0028582101978447128
2015-01-26,0.004440227361777849
2015-01-27,0.01981272626217659
2015-01-28,0.01523814364239584
2015-01-29,0.037193247492223414
2015-01-30,-0.033257299839444476
2015-02-02,0.028462263447279312
2015-02-03,0.022195799143077122
2015-02-04,0.007365620524327765
2015-02-05,0.02525816817803067
2015-02-06,0.00939271229130706
2015-02-09,0.020875647685769994
2015-02-10,0.02379151408319874
2015-02-11,0.010615793855048405
2015-02-18,0.010912441849574073
2015-02-20,0.010740308339965088
2015-02-24,0.02380324069536016
2015-03-02,0.016356904210396594
2015-03-04,0.030394985219979326
2015-03-05,0.014360442592379175
2015-03-10,0.032306375647428665
2015-03-16,0.027339717369470273
2015-03-17,0.029536398819294263
2015-03-18,0.005063433138586038
2015-03-19,0.017613957439116867
2015-03-20,0.016068395328440843
2015-03-25,0.030484385961233262
2015-03-26,0.024648439183844406
2015-03-27,0.033859853192536815
2015-04-01,0.004647286695764419
2015-04-02,0.03243079066638033
2015-04-03,0.009748486013948232
2015-04-06,0.016412158127203424
2015-04-08,0.009019461421005182
2015-04-09,0.025764712936034162
2015-04-13,0.016953050918615264
2015-04-14,0.015278297863731277
2015-04-15,0.02331587755271375
2015-04-16,0.01918172009198263
2015-04-20,0.01627560602541689
2015-04-22,0.02248317130282418
2015-04-23,0.0005892420696886891
2015-04-24,0.022565693744582282
2015-04-27,0.014036076394981084
2015-04-28,0.02150958572130568
2015-04-29,0.010285490202875947
2015-04-30,0.040877711184928556
2015-05-05,0.020368471939230526
2015-05-07,0.039052864121698505
2015-05-11,0.02021297624010643
2015-05-13,0.011434717572538666
2015-05-15,0.027354695404750717
2015-05-18,0.009230290095049443
2015-05-20,0.02126643606384293
2015-05-21,0.006140543981869195
2015-05-22,0.02306799221144995
2015-05-25,0.00596587587430325
2015-05-26,0.01989661175193791
2015-05-27,0.03102777710669724
2015-05-28,0.0065197871694886445
2015-05-29,0.010289127380871621
2015-06-01,0.023696772292500445
2015-06-02,0.02059704433696724
2015-06-03,0.012821098716454427
2015-06-04,0.021536169054750476
2015-06-05,0.012305760173337676
2015-06-08,0.022524864827070445
2015-06-09,0.01538717015058455
2015-06-10,0.019593209267993628
2015-06-15,0.013091447018676039
2015-06-16,0.007938680393707487
2015-06-17,0.020483700243164926
2015-06-19,0.008129807328752459
2015-06-22,0.021523400937598303
2015-06-23,0.017013258085063543
2015-06-24,0.007563677273099034
2015-06-25,0.021487266494475632
2015-06-26,0.004595043077998295
2015-06-29,0.024357296207818957
2015-06-30,0.01303576258402428
2015-07-01,0.02549588072105069
2015-07-02,-0.0002644576057623249
2015-07-06,0.015269218108825977
2015-07-07,0.013443428862577711
2015-07-08,0.013614544105706422
2015-07-09,0.016199056571650328
2015-07-14,0.028619410989535243
2015-07-15,0.01445418832759282
2015-07-16,0.0073351737515177096
2015-07-17,0.004769150089864227
2015-07-20,0.005019618419693506
2015-07-21,0.008583924488049233
2015-07-22,0.002006755623907397
2015-07-23,0.028437045891919865
2015-07-24,0.030026445470800134
2015-07-27,-0.0023545992107872338
2015-07-30,0.020864509693570454
2015-07-31,0.011202758103137589
2015-08-03,0.010020650623507432
2015-08-04,0.013366184021384342
2015-08-05,0.020522209948452552
2015-08-07,0.017156064385434266
2015-08-10,-0.00923203272850931
2015-08-11,0.007739835047900545
2015-08-12,-0.019440192672202095
2015-08-13,0.05137878482414182
2015-08-14,-0.03608307604439154
2015-08-20,0.02892330230472967
2015-08-21,-0.014559196596777735
2015-08-26,0.032067265301498615
2015-08-27,0.013121364517287404
2015-08-28,-0.04114948783342531
2015-09-02,0.010708273257529433
2015-09-03,-0.003233727905405104
2015-09-04,-0.0171261523225974
2015-09-07,0.034644344885941925
2015-09-08,-0.005863864951302089
2015-09-09,-0.005444938562196633
2015-09-10,0.01622533471840204
2015-09-11,0.01319904776610814
2015-09-15,-0.01356053677658553
2015-09-16,0.010005801373927425
2015-09-18,0.0013641788612205885
2015-09-28,0.012428174144485216
2015-09-30,0.009991981036819642
2015-10-05,0.019505978456998085
2015-10-07,-0.008357790948232913
2015-10-09,0.015207285675524373
2015-10-12,0.0049453821917724294
2015-10-13,-0.006597451777208274
2015-10-15,0.02105891348662775
2015-10-16,-0.0013078174521857777
2015-10-20,0.004943373394625361
2015-10-21,0.015663539757988065
2015-10-26,-0.007485478671510504
2015-10-28,0.022162560721446845
2015-10-29,0.02071216585566793
2015-10-30,-0.027922395340283845
2015-11-02,0.026849648439504548
2015-11-03,0.005580310687601009
2015-11-04,0.002912013629278065
2015-11-05,0.008390623933587582
2015-11-06,0.01663246715399913
2015-11-11,0.010686144685033733
2015-11-12,0.010359333191943598
2015-11-18,0.014909516657328814
2015-11-19,0.007960787426144256
2015-11-20,-0.010211167701173252
2015-11-23,0.016738569242823742
2015-11-24,0.007850881695067424
2015-11-25,0.023723372077196436
2015-11-26,-0.0012337871174066262
2015-11-27,0.025532716862380872
2015-11-30,0.004805705597914975
2015-12-01,0.01570558002046596
2015-12-02,0.006902983963585685
2015-12-03,0.02070534296666493
2015-12-04,0.012023398804039687
2015-12-07,0.01406584591171578
2015-12-08,-0.013930446787942419
2015-12-09,0.03191995011228013
2015-12-10,0.000598045729082175
2015-12-11,0.03230539732973803
2015-12-14,-0.005163588789129259
2015-12-15,0.03704718286536968
2015-12-16,-0.0034753349877441053
2015-12-17,0.026706046873558487
2015-12-18,-0.008551891296555869
2015-12-21,0.03301809697028024
2015-12-22,0.007135607756462159
2015-12-23,-0.004881899350589025
2015-12-24,0.01139770863204026
2015-12-25,-0.006784848821847045
2015-12-28,0.017788316090068035
2016-01-08,0.005400383464458924
2016-01-11,0.0041138775054953
2016-01-12,0.0006577902769431265
2016-01-13,-0.003959138954291119
2016-01-14,0.0037349132356339076
2016-01-18,0.0240609591120573
2016-01-22,-0.020713776594235123
2016-01-26,0.023036644685178853
2016-01-28,-0.03708411945156853
2016-01-29,0.03243981343226371
2016-02-03,-0.012333593180795521
2016-02-05,-0.0016838552557363329
2016-02-08,0.007389074034905629
2016-02-15,0.03211757878391641
2016-02-17,-0.011242436805789291
2016-02-18,0.005155427528032663
2016-02-19,0.008173551514171873
2016-02-22,0.029318907888478574
2016-02-23,0.0028668970808141125
2016-02-24,0.01327050337589486
2016-02-25,0.026131105714732983
2016-02-26,-0.008252355478555184
2016-02-29,0.019621940299180796
2016-03-01,0.006864410114748559
2016-03-02,0.014694534176628249
2016-03-03,-0.015987424685709684
2016-03-04,0.030792065173296468
2016-03-07,-0.001627372708207786
2016-03-08,0.015362564070582896
2016-03-09,0.023253746638729034
2016-03-10,0.014903100041715134
2016-03-14,0.01311165267811238
2016-03-15,0.014312635295434833
2016-03-16,0.011089372868250846
2016-03-17,0.0019340464650421385
2016-03-18,0.014629648637402626
2016-03-21,0.017674752250248643
2016-03-24,0.013814197266442646
2016-03-25,0.01723334161511314
2016-03-28,0.017852640871303393
2016-03-29,0.016837295311304845
2016-03-30,0.012480395685461554
2016-03-31,-0.0003216785175765846
2016-04-01,0.014997221448457776
2016-04-04,0.021260339694375296
2016-04-05,0.007235410758699601
2016-04-06,0.017117762463177755
2016-04-07,0.02518295795698111
2016-04-11,0.006275482296318913
2016-04-12,0.03856177575806263
2016-04-13,-0.0005003252136880354
2016-04-14,0.01698469737982744
2016-04-15,0.007225102569280495
2016-04-18,0.024896765520021402
2016-04-19,0.02784169536868686
2016-04-20,0.02416419196345232
2016-04-21,0.013120662121480303
2016-04-22,0.015184545865281729
2016-04-25,0.022072892595606852
2016-04-26,0.011602550032204173
2016-04-27,0.019685322879157696
2016-04-28,0.01742590482582429
2016-04-29,0.043335527744142954
2016-05-02,0.011692827695200414
2016-05-05,0.014898449028154293
2016-05-10,0.005076852952164812
2016-05-11,0.0122020163054819
2016-05-12,0.0011956208724731576
2016-05-13,0.020277617301830864
2016-05-16,0.015236601964921048
2016-05-17,-0.0029707026426901706
2016-05-18,-0.012620857645466277
2016-05-20,0.02293419093408977
2016-05-23,-0.009602587988058797
2016-05-24,0.011452158957607317
2016-05-25,-0.0019836095893629446
2016-05-26,0.005379839213737192
2016-06-01,0.0011480250059874297
2016-06-06,0.012949637274412451
2016-06-07,0.019633742223011064
2016-06-08,0.0002484295154846494
2016-06-09,0.015051889908181348
2016-06-13,0.009062133590440724
2016-06-14,0.00854130836895206
2016-06-15,0.023201591551962775
2016-06-17,0.0022490629073236845
2016-06-20,0.0192919600707826
2016-06-21,0.020223332460359345
2016-06-23,0.003331994575503261
2016-06-24,0.006215188000270211
2016-06-27,0.009065184288061356
2016-06-28,0.0294769084317551
2016-06-29,0.0034886549579002946
2016-06-30,-0.0024417513442083205
2016-07-01,0.0077281033785729925
2016-07-04,5.6170151917611655e-05
2016-07-05,0.012979776455483427
2016-07-06,0.012952275235718513
2016-07-07,0.005438544363964071
2016-07-08,0.006216436652704327
2016-07-13,0.006838196085104609
2016-07-18,0.005285129922709353
2016-07-19,0.014684848931120542
2016-07-20,-0.0018658395625009705
2016-07-22,0.015851719377760986
2016-07-25,0.005183254417516769
2016-07-26,0.017821181657351803
2016-07-27,0.01270959673328198
2016-07-28,0.006708167089120476
2016-07-29,-0.025237535155880675
2016-08-01,0.02274770829923911
2016-08-02,0.003135923318982714
2016-08-03,0.004334175517249794
2016-08-05,0.024962761165163716
2016-08-08,-0.007457468776456699
2016-08-09,0.011947197682767585
2016-08-11,0.006176658087114678
2016-08-12,0.013420351695566823
2016-08-15,0.012196607029880138
2016-08-16,0.01017718505605858
2016-08-17,0.0058346457770522275
2016-08-18,0.01808510465971913
2016-08-19,0.010782275076963554
2016-08-22,0.014649018020216523
2016-08-23,0.010168047765943489
2016-08-24,0.01924251526552151
2016-09-02,0.006333776008842773
2016-09-05,0.02043412502556574
2016-09-12,0.00038868751157894454
2016-09-13,0.018305126782978576
2016-09-14,-0.008063766661307703
2016-09-19,0.00809127293498113
2016-09-20,-0.004630208753421572
2016-09-21,0.03676444231776371
2016-09-22,0.002659584549238564
2016-09-23,0.022811148758890343
2016-09-26,0.005641696915939187
2016-09-27,0.03312310893372006
2016-09-28,0.0026469879343402197
2016-09-29,0.020668750888334086
2016-09-30,0.007365397621417857
2016-10-03,0.03002474429780222
2016-10-04,-1.3375950690286409e-05
2016-10-05,0.026634905223034605
2016-10-07,0.004110756181407785
2016-10-10,0.020612156615846006
2016-10-11,0.00871699740697851
2016-10-12,0.006284123818354637
2016-10-13,0.018917425932081677
2016-10-14,0.007500924733905734
2016-10-17,0.022601670466216195
2016-10-18,0.0076399396226387445
2016-10-19,0.021317617798813512
2016-10-20,0.012957436075629547
2016-10-21,0.01928864627543367
2016-10-24,0.013644323953849402
2016-10-25,0.018392651318217157
2016-10-26,0.0066319269079976595
2016-10-27,0.018887882298533443
2016-10-28,0.02942213757662948
2016-11-01,0.012205663520601595
2016-11-03,0.020607199605449322
2016-11-08,0.022039348425360483
2016-11-09,0.013577554424340221
2016-11-10,0.007108279001139972
2016-11-11,0.018228018964342008
2016-11-14,0.026634369780859757
2016-11-17,-0.001526948094475289
2016-11-18,0.03529583025148664
2016-11-21,-0.006030298411178664
2016-11-22,0.017224626803894028
2016-11-23,-0.005568254957332819
2016-11-24,0.019647100217398517
2016-11-28,0.00738453479569956
2016-11-29,0.008013812576060403
2016-11-30,0.012588610275953122
2016-12-01,0.009379343404565144
2016-12-02,0.01624467694809617
2016-12-05,0.011012992911638986
2016-12-06,0.0053022744931848775
2016-12-07,0.01536777985109633
2016-12-08,-0.001617345410710902
2016-12-09,0.007841788814743844
2016-12-12,0.002317786692167756
2016-12-13,0.003465850137771287
2016-12-14,0.017311671137391516
2016-12-15,-0.005664876341390679
2016-12-19,0.020472766808469933
2016-12-20,0.0007062371491808883
2016-12-21,0.013116515723836444
2016-12-22,0.00811776209089151
2016-12-23,0.012949556426670283
2016-12-27,0.014474811229614193
2016-12-28,0.007293020528789704
2016-12-29,0.013362475321491207
2016-12-30,0.012169692338868332
2017-01-02,0.010274677261257414
2017-01-04,0.01568866402484692
2017-01-06,0.004761695194577892
2017-01-09,0.013415552491175542
2017-01-10,-0.00019814927383154934
2017-01-11,0.010788046340731716
2017-01-16,0.009908877790603121
2017-01-17,0.007301166455357444
2017-01-18,0.007947419596957689
2017-01-19,0.013540022861689621
2017-01-23,0.010200356691338675
2017-01-24,0.01310216330695703
2017-01-25,0.00957535652491151
2017-01-26,0.011613225111444025
2017-01-27,-0.00012425663207682458
2017-01-30,0.018638878135373696
2017-01-31,0.007585842140224258
2017-02-01,0.016056327555913102
2017-02-02,0.006896570808148095
2017-02-03,-0.01880844731521525
2017-02-06,0.034207871472131
2017-02-07,-0.002794637482129936
2017-02-08,0.016583194458264172
2017-02-09,0.0056629008348194065
2017-02-10,0.0165541550879868
2017-02-13,0.008488329887902407
2017-02-14,0.01953318693222028
2017-02-15,0.0047112162909878075
2017-02-16,0.012196211134905877
2017-02-17,0.015179500152187442
2017-02-20,0.016524327600940053
2017-02-21,0.012558705343758525
2017-02-22,0.01255103673673566
2017-02-23,0.01769193683014607
2017-03-03,0.01292144839522641
2017-03-07,0.0201640446388216
2017-03-08,0.008779064128125402
2017-03-09,0.019551456125051436
2017-03-16,0.016273939552313016
2017-03-22,0.016659018045903
2017-03-23,0.012818166203527492
2017-03-27,0.0096713755727168
2017-03-28,0.02204084160580358
2017-03-29,0.009257528861831066
2017-03-30,0.005489366592386746
2017-03-31,0.02204382989414569
2017-04-03,0.014444119923625903
2017-04-04,0.019117324059240992
2017-04-05,0.014069294504412522
2017-04-06,0.013091554931913274
2017-04-07,0.022526837460318888
2017-04-10,0.014440672718763509
2017-04-11,0.01883836885662163
2017-04-13,0.015845917616405858
2017-04-18,0.023597759838955457
2017-04-19,0.014193467094689105
2017-04-20,0.018817066347073086
2017-04-25,0.013925513063076655
2017-04-26,0.005998363407499596
2017-04-27,0.016806139480953164
2017-04-28,0.01830571128023889
2017-05-01,0.012466750878085103
2017-05-02,0.015687205339556032
2017-05-03,3.1994568342463836e-05
2017-05-09,0.02121264629778724
2017-05-11,0.014371615896212053
2017-05-16,0.011653134334369653
2017-05-18,0.012879793719698968
2017-05-19,0.01838474708802673
2017-05-25,0.004294975209616914
2017-06-01,0.02196760081346613
2017-06-02,0.011348854365902286
2017-06-05,0.017629955770287697
2017-06-06,0.0074281793046639955
2017-06-07,0.030443842541310218
2017-06-08,0.006450878064654331
2017-06-09,0.0200956771847956
2017-06-12,0.020364595767120353
2017-06-13,0.04356002567849293
2017-06-14,0.014081501612657976
2017-06-16,0.009775976050555801
2017-06-20,0.02530079583391809
2017-06-22,0.017547426760881724
2017-06-23,0.017298430756750804
2017-06-28,0.011201961374801978
2017-06-29,0.00984703449260338
2017-06-30,0.006082979172305603
2017-07-03,0.028113190111978992
2017-07-04,0.002275547610283035
2017-07-05,0.021658105417976692
2017-07-06,0.004505085379174489
2017-07-07,0.01865485296199465
2017-07-10,0.014957689690979659
2017-07-11,0.003393996042877656
2017-07-12,0.014070062538837802
2017-07-13,0.009980856870479296
2017-07-14,0.01296399023838457
2017-07-18,0.00303999375011188
2017-07-20,0.014018548210082082
2017-07-26,0.011896312726226599
2017-07-27,0.018131598228705942
2017-07-28,0.00930874317565955
2017-07-31,0.03017733217228058
2017-08-01,0.007766535208318381
2017-08-02,0.018570021598064423
2017-08-03,-0.000765458210126635
2017-08-04,-0.010459006990165998
2017-08-08,0.03668013299785439
2017-08-11,-0.003508462302828863
2017-08-14,0.019048982562131278
2017-08-16,0.0016537955598165954
2017-08-17,0.013770875222725798
2017-08-18,0.021436925042083166
2017-08-21,0.02550414441634896
2017-08-22,0.009989837129269846
2017-08-23,0.017612459162335115
2017-08-24,0.0014203553277860603
2017-08-28,0.023086173027735357
2017-08-29,0.01269322525243577
2017-08-30,0.008826538111556204
2017-08-31,0.01305003704762081
2017-09-01,0.015165322969886597
2017-09-04,0.013367408906590883
2017-09-05,0.018046140787535303
2017-09-06,0.022652664263137556
2017-09-07,0.01077860633198463
2017-09-08,0.018867982856881682
2017-09-11,0.016667278344745462
2017-09-12,0.023548749638145905
2017-09-13,-0.0037818816130780197
2017-09-14,0.029406529108020774
2017-09-15,0.011270301840041741
2017-09-18,0.02110057896743145
2017-09-19,0.0029212712200840096
2017-09-22,0.026140543566560315
2017-09-27,0.006644696769972147
2017-09-28,0.024202787272860238
2017-09-29,0.0021259423462118843
2017-10-02,0.024247302650622637
2017-10-03,0.0028104162954751266
2017-10-04,0.020856488681693264
2017-10-05,0.00604154844131749
2017-10-06,0.021335630270275407
2017-10-09,-0.0005219708973320802
2017-10-11,0.022216215905250747
2017-10-17,0.005381825191590445
2017-10-18,0.015382431988685191
2017-10-19,0.010395952108160134
2017-10-20,0.020547700255096002
2017-10-23,0.02524786164820947
2017-10-24,0.0034493985799385757
2017-10-25,0.01786128302404577
2017-10-26,0.005270907695447857
2017-10-27,0.019577814955611006
2017-10-30,0.0009423507527812625
2017-10-31,-0.006459276349780829
2017-11-02,0.01020781090776357
2017-11-03,0.007866502744757087
2017-11-06,0.013327023688035622
2017-11-07,-0.0012756552580359681
2017-11-08,0.020793599103734295
2017-11-09,0.012308543577740472
2017-11-15,0.01497356249088272
2017-11-16,0.021625582436098023
2017-11-20,0.02311974385771076
2017-11-21,0.004957277356297862
2017-11-22,0.024213350832858138
2017-11-23,-0.0005127182045929768
2017-11-24,0.02207583140173669
2017-11-27,0.016072236177185145
2017-11-29,0.02005819140931564
2017-12-04,0.022121231313872336
2017-12-05,0.030189349908785967
2017-12-06,0.01408125585693873
2017-12-12,0.019172769302062742
2017-12-13,0.017944779899290053
2017-12-14,0.018998007837360775
2017-12-15,0.012028049862627094
2017-12-18,0.018129546516754358
2017-12-20,0.006855513757558773
2017-12-22,0.012780475889474174
2017-12-25,0.020346087067419513
2017-12-27,0.016679158694546725
2018-01-03,0.03432121807775057
2018-01-04,0.004255171658220383
2018-01-11,0.022427396418510825
2018-01-12,0.007854252953081453
2018-01-16,0.015934909227600436
2018-01-17,0.008879761203419656
2018-01-18,0.019663556570342244
2018-01-22,0.0028285661214243474
2018-01-23,0.025519721913800475
2018-01-25,0.01723055621056141
2018-01-26,0.017220294478594633
2018-02-01,0.028049535062260045
2018-02-02,0.0063197410912633895
2018-02-05,0.023188565862761745
2018-02-06,0.04274603590683568
2018-02-07,0.010222932815499242
2018-02-14,-0.012787782121757019
2018-02-15,0.04438649332731592
2018-02-16,-0.02049573188029452
2018-02-20,0.012640268384117581
2018-02-22,0.01958964138522412
2018-02-23,0.012202500192787957
2018-02-27,0.010229100918546674
2018-02-28,0.007249479368824696
2018-03-07,0.02417660471853944
2018-03-08,0.012925011144498844
2018-03-09,0.023438245554055492
2018-03-12,0.001991454254847813
2018-03-13,0.011997475537926405
2018-03-14,0.013543674778908943
2018-03-15,0.026316199150719477
2018-03-16,0.016287423970055837
2018-03-19,0.015464885720050447
2018-03-20,0.020060972506080077
2018-03-21,0.023884079016252335
2018-03-27,0.011849943384173
2018-03-28,0.03462430373302339
2018-03-29,0.020076219749740498
2018-03-30,0.01574225520878436
2018-04-02,0.005695846542149496
2018-04-03,0.02164260074366492
2018-04-04,0.006118439226314054
2018-04-05,0.007814515207192008
2018-04-06,0.0022073589360949164
2018-04-11,0.017618821562812137
2018-04-12,0.029347745623958255
2018-04-13,0.004960561193924851
2018-04-16,0.009965733584560488
2018-04-17,0.011713686031647963
2018-04-19,0.008269842690519003
2018-04-20,0.008686897493847212
2018-04-23,0.03912701961814591
2018-04-24,0.02440063913531687
2018-04-25,0.00526887427196987
2018-04-26,0.02288485239400262
2018-04-27,-0.0013639105252443162
2018-04-30,0.015384624896251253
2018-05-01,0.01342447559259563
2018-05-02,-0.007000505017200398
2018-05-03,0.0015005201704445525
2018-05-07,-0.013445974242427994
2018-05-08,0.027223103521703262
2018-05-09,-0.0011205591212779809
2018-05-10,0.018086539102576293
2018-05-11,0.004509776710446722
2018-05-15,0.009552443037845915
2018-05-16,0.02017722167916325
2018-05-17,0.015603981808501532
2018-05-18,0.006231740845999756
2018-05-21,0.02304978031588556
2018-05-22,0.009627089578537307
2018-05-30,0.010854903032898905
2018-06-04,0.017054973424411535
2018-06-05,0.011974196502183287
2018-06-06,0.007693124754040659
2018-06-07,0.011535866079509988
2018-06-08,0.01299924115672213
2018-06-11,0.016963331090922074
2018-06-12,0.018199252322792348
2018-06-13,0.011597685046119077
2018-06-14,0.010960805250672556
2018-06-15,0.020398429925740036
2018-06-18,0.008820995522465958
2018-06-19,0.02253848066497638
2018-06-20,0.00789155052128332
2018-06-26,0.02592687237007807
2018-07-02,-0.0009499598599433945
2018-07-04,0.010225091262244357
2018-07-10,0.0052054763184408714
2018-07-11,0.011776731866938617
2018-07-12,0.015468602275673926
2018-07-13,0.018903130660556156
2018-07-19,-0.003438103138300397
2018-07-20,0.021203337027984825
2018-07-23,0.0026697266758097526
2018-07-24,0.02110145375988376
2018-07-25,0.006942658590266049
2018-07-26,0.01101788761183553
2018-07-27,0.00837363571889449
2018-07-30,0.0201955250557162
2018-07-31,0.021154978090354992
2018-08-01,0.011243919929513069
2018-08-02,0.008066233639031584
2018-08-03,-0.020617885023234583
2018-08-06,0.015347506524167498
2018-08-07,0.013149778576696747
2018-08-08,0.014122480187906405
2018-08-09,0.023051915886492413
2018-08-10,0.009441843221946689
2018-08-13,0.013589196692018468
2018-08-14,0.018231548924174557
2018-08-15,0.008792770962706642
2018-08-16,0.01657856508409679
2018-08-17,0.012364443819172566
2018-08-20,0.00611034608489236
2018-08-21,0.009386247696604011
2018-08-22,0.02846689893709925
2018-08-23,0.010584736605601969
2018-08-24,0.01977059021103874
2018-08-28,0.012621957188867605
2018-08-29,0.015922505132944242
2018-08-30,0.01007242301125777
2018-08-31,0.009788539606397917
2018-09-03,0.014602249435155423
2018-09-04,0.011174623856384569
2018-09-05,0.019921645418269185
2018-09-07,0.017412832100886344
2018-09-11,0.023482148633323097
2018-09-12,0.01778442145495407
2018-09-13,0.000555817107239398
2018-09-14,0.03579801916018033
2018-09-17,-0.009102112082751912
2018-09-18,0.04543841394714998
2018-09-19,0.019698310848754064
2018-09-20,0.014222705914763649
2018-09-21,0.01777954076039967
2018-09-24,0.012141580361898163
2018-09-25,0.02672801345068343
2018-09-26,0.00031732116193977644
2018-09-28,0.023921337809046483
2018-10-01,0.018815997172151266
2018-10-02,0.013179352764966401
2018-10-03,0.014369879092570148
2018-10-04,0.012241961283298464
2018-10-05,0.014047404343254799
2018-10-08,0.03406532711918642
2018-10-10,0.018651108656291715
2018-10-12,0.020760143549739762
2018-10-17,0.04329864326626698
2018-10-18,-0.027008677657619273
2018-10-19,0.04721214358446435
2018-10-25,0.011711889309581114
2018-10-26,0.004670864728562485
2018-10-30,0.00816022991270171
2018-10-31,0.03182679816903844
2018-11-01,0.0002177954057003273
2018-11-02,0.006021498671389125
2018-11-05,0.016198125132580454
2018-11-06,0.05208559219620712
2018-11-07,0.011786784542279993
2018-11-08,0.00595115684384151
2018-11-09,-0.0007583963130639582
2018-11-12,0.029741414363281704
2018-11-13,0.023834657419529393
2018-11-14,0.042040688180500885
2018-11-15,0.0042869516925645446
2018-11-16,0.035162236758508714
2018-11-19,-0.0210516099168655
2018-11-20,0.028075523259251778
2018-11-21,0.03426499863819288
2018-11-22,0.02907519134016101
2018-11-23,-4.227943022150349e-05
2018-11-26,0.03240792181324437
2018-11-27,-0.007664545434159842
2018-11-28,0.00860574455843588
2018-11-29,0.007124883034385743
2018-11-30,-0.016687395653770976
2018-12-03,0.03188262494092681
2018-12-04,-0.0030459845799009067
2018-12-07,-0.0038764469487526654
2018-12-10,0.05266349677439219
2018-12-11,0.00630680565784103
2018-12-12,0.004092745054577962
2018-12-13,0.013630735058523552
2018-12-14,0.0008628925385573138
2018-12-17,0.006472062797607592
2018-12-18,0.03159042888646446
2018-12-21,-0.003220438134185377
2018-12-25,0.006024322595638676
2018-12-26,0.030173211077612727
2018-12-27,-0.043826762121983
2018-12-28,0.03846584118272772
2019-01-02,-0.007916016589120334
2019-01-03,0.015050063043648965
2019-01-04,0.004267537115982378
2019-01-07,0.03674308311636887
2019-01-08,-0.044084702086289784
2019-01-10,0.03723728369552193
2019-01-11,-0.02613104078372719
2019-01-14,0.02566587864102321
2019-01-16,0.003580872138305935
2019-01-17,0.017883136971238
2019-01-21,-0.010215084968648591
2019-01-22,0.014193641714767002
2019-01-23,0.017478325031399122
2019-01-24,-0.0018185270855831104
2019-01-25,0.00803806285953812
2019-01-28,0.007261468918089431
2019-01-29,-0.017929428629562594
2019-01-30,0.028845814948130544
2019-01-31,-0.004220354601363052
2019-02-01,-0.022368382874140336
2019-02-12,0.020844332470329324
2019-02-13,-0.0011657344385064827
2019-02-14,0.007602709949713071
2019-02-15,0.010934797687484954
2019-02-18,0.00363797459954196
2019-02-19,0.011901191268893996
2019-02-20,0.0032711899056633853
2019-02-21,0.010219383426339823
2019-02-27,0.002397614746496468
2019-02-28,0.015173326861379038
2019-03-01,0.0019284592915440602
2019-03-04,0.017496197342362407
2019-03-05,-0.006344334528886109
2019-03-06,0.013116799909034915
2019-03-07,0.0065243923939813375
2019-03-08,0.013562639402769916
2019-03-11,0.01178744515434671
2019-03-12,-0.00011362505942935641
2019-03-18,-0.013303052188267106
2019-03-19,0.013062242159595172
2019-03-20,-0.0002933350628809839
2019-03-21,0.019661702071236853
2019-03-22,-0.0068504045812218806
2019-03-25,-0.005144597454430411
2019-03-26,0.035170174841743784
2019-03-27,0.0031335861453674063
2019-03-28,0.01916071421494242
2019-03-29,-0.004111518937353065
2019-04-01,0.01547442045037023
2019-04-02,-0.00010258765046278207
2019-04-03,0.008922276293383491
2019-04-04,-0.0010244137123859853
2019-04-05,0.011577191634008832
2019-04-08,0.007372692825281135
2019-04-09,0.005815990477824773
2019-04-10,0.002301984199277962
2019-04-11,0.0176274166306698
2019-04-12,0.0031494096800893656
2019-04-17,0.021299860710227825
2019-04-18,0.002573695926523012
2019-04-19,0.0013777934509512368
2019-04-22,0.014233461791475971
2019-04-23,0.006997662332913962
2019-04-24,0.012673100714870267
2019-04-26,0.0003899945749830658
2019-04-29,0.020013062737224585
2019-04-30,0.009611219422969969
2019-05-01,0.01289991306713012
2019-05-02,0.019925621433143803
2019-05-03,-0.028352939479355577
2019-05-06,0.04073090701864113
2019-05-07,-0.01284622887568565
2019-05-08,0.04081606063591514
2019-05-09,0.012905566360505327
2019-05-10,0.01031474560988288
2019-05-13,0.01969087215702303
2019-05-14,0.01802458731466583
2019-05-15,0.03576265469555029
2019-05-16,-0.02071543681104615
2019-05-17,0.018615720882577402
2019-05-20,0.006710764746583886
2019-05-21,0.016596900712127827
2019-05-22,0.02391482025114855
2019-05-23,-0.014327525518790463
2019-05-27,0.03736096523289212
2019-05-28,0.0011411070272729917
2019-05-29,0.01288344168068889
2019-05-30,0.002914992080690071
2019-05-31,0.01145645878710791
2019-06-03,0.0008441445884450616
2019-06-04,0.023123503856497862
2019-06-05,-0.0009049003787739984
2019-06-10,-0.017713387632384947
2019-06-11,0.009082847845631736
2019-06-12,-0.003981500127108628
2019-06-14,0.006686685529644909
2019-06-17,0.011368333489299554
2019-06-18,0.010035728499252827
2019-06-19,-0.0002465490181482455
2019-06-25,-0.0037764387614651618
2019-06-27,0.019043268483406317
2019-07-05,0.012191526436904021
2019-07-10,0.005078861862928705
2019-07-12,0.008335627986877148
2019-07-16,-0.00042275717181616823
2019-07-18,0.007858412071334475
2019-07-22,0.009736486234491415
2019-07-23,-0.002913766854000688
2019-07-30,-0.001394017441926798
2019-08-08,0.0103582984310715
2019-08-09,0.009866890281378327
2019-08-13,-0.006044093779161486
2019-08-14,0.021875982623742463
2019-08-15,-0.02511587355485112
2019-08-16,0.054134464891421485
2019-08-20,-0.015587892647409562
2019-08-21,0.008645963534872902
2019-08-29,0.010645133206134472
2019-08-30,0.0013531755051672256
2019-09-02,0.004804505663691616
2019-09-03,0.017352299900886936
2019-09-04,0.017614030047458318
2019-09-05,0.0050465797834499115
2019-09-06,0.0006281946688864171
2019-09-12,0.0040076228665482105
2019-09-16,0.016839516191529597
2019-09-17,0.0098152622673785
2019-09-23,0.00882149456419809
2019-09-24,0.010711226724668232
2019-09-25,0.00981425321277829
2019-09-26,0.015399970612326452
2019-09-27,-0.0007196352565137509
2019-09-30,0.024217508089817597
2019-10-01,0.006124085437492877
2019-10-02,-0.0012759248362219644
2019-10-07,0.021227719688122093
2019-10-08,0.0249197310867475
2019-10-11,0.004530951612136347
2019-10-14,0.02213799104219283
2019-10-15,-0.013769757885894629
2019-10-16,0.029200286581264417
2019-10-17,0.003569029597670581
2019-10-18,0.01956962404389992
2019-10-21,0.0039077902383265195
2019-10-22,0.011962511678071275
2019-10-23,9.67876227664366e-05
2019-10-24,0.020654900647928964
2019-10-25,-0.002089855046092437
2019-10-28,0.019824375122354243
2019-10-29,-0.0007900271603593634
2019-10-30,0.01671817234130102
2019-10-31,0.027757509043639494
2019-11-01,0.001764002796751818
2019-11-04,0.0012395914402207886
2019-11-05,0.0005021059875408573
2019-11-06,0.018329449711579182
2019-11-08,0.01316867476508786
2019-11-11,0.01468200371823676
2019-11-12,0.011679094558925351
2019-11-13,0.010700810861591303
2019-11-14,0.016975084445500555
2019-11-15,0.0070455532378171926
2019-11-18,0.023550358243995095
2019-11-19,0.0004595268702804467
2019-11-20,0.02057899120651946
2019-11-21,0.014838161694744723
2019-11-22,0.023529585795636132
2019-11-26,0.012218542075247724
2019-11-28,0.016859387533165626
2019-11-29,0.01828639899141088
2019-12-02,0.012822907943327258
2019-12-03,0.015376717566855436
2019-12-04,0.02233095432483756
2019-12-05,0.019574002865703544
2019-12-06,0.001121984703063128
2019-12-09,0.008349444309255771
2019-12-10,0.0041589495895608675
2019-12-11,0.029347278449403935
2019-12-12,-0.0009480492191218381
2019-12-13,0.016421809598280518
2019-12-17,0.009485899624620542
2019-12-18,0.007033677879136946
2019-12-19,0.017685017625350075
2019-12-20,0.013982288888172628
2019-12-23,0.013928378697487948
2019-12-25,0.01458552402569091
2019-12-26,0.0008701758246458802
2019-12-27,0.00923842478216974
2019-12-30,0.019032746146143323
2019-12-31,0.012728998389148427
2020-01-02,0.011965261246854264
2020-01-03,0.010455721703053644
2020-01-06,0.0035443370915863026
2020-01-07,0.03021844144055197
2020-01-21,0.002009953310730561
2020-01-22,0.028068977561370445
2020-01-24,0.008249074437803872
2020-01-30,0.01832029298534399
2020-01-31,0.01668451735574414
2020-02-03,0.019983849892217798
2020-02-05,0.044370655299873274
2020-02-07,-0.0029619104892228965
2020-02-10,0.01989995051882032
2020-02-11,0.020001373855363547
2020-02-12,0.007203137234361057
2020-02-13,0.020293495291637598
2020-02-14,-0.006368824277939944
2020-02-17,0.0321030895806228
2020-02-18,0.00453387010731543
2020-02-19,0.03277967183606956
2020-02-20,0.0004781152979680403
2020-02-21,0.012053798907987856
2020-02-24,0.02401792227261801
2020-02-25,0.026697066011800885
2020-02-26,0.039303826659872865
2020-02-27,0.016238085076040742
2020-02-28,-0.0012098501250745741
2020-03-02,0.04994134469047906
2020-03-03,-0.0199008945958683
2020-03-04,-0.005144833793990777
2020-03-05,0.038192643392521486
2020-03-06,-0.038184718658307304
2020-03-09,0.06443496385719227
2020-03-10,-0.010710632137274523
2020-03-11,0.049660233481054306
2020-03-12,-0.049301961991468524
2020-03-13,0.07298516462579174
2020-03-16,-0.003376130466706151
2020-03-17,-0.017872653750491185
2020-03-18,0.052506415096879255
2020-03-19,-0.05051409938659468
2020-03-23,0.061192854138475306
2020-03-25,-0.019040748649989725
2020-03-30,0.037690717602723245
2020-03-31,-0.011982254397643555
2020-04-01,-0.0032904197739532792
2020-04-02,0.01793237696778327
2020-04-03,0.030563692854928437
2020-04-06,-0.021193599696914034
2020-04-08,0.02775356623267511
2020-04-09,-0.04517473255384963
2020-04-10,0.019571901323731544
2020-04-13,-0.006836095356892002
2020-04-15,0.002556093366277934
2020-04-17,0.012298951990832308
2020-04-20,0.013045931570088598
2020-04-21,0.015751464252786285
2020-04-22,0.019195288072310746
2020-04-23,0.018079614924563447
2020-04-24,-0.02202917496806489
2020-04-27,0.024091112594247788
2020-04-28,-0.024927475619289652
2020-04-29,0.027604265296071073
2020-04-30,0.0032649178652377486
2020-05-01,-0.016162277261361213
2020-05-04,0.008700020466680058
2020-05-05,0.018100662793289035
2020-05-08,-0.009806907039207613
2020-05-13,0.00658757986205738
2020-05-20,-0.005866252471942057
2020-05-21,0.025435812316808137
2020-05-22,-0.01421763609290605
2020-05-25,0.028649718831770365
2020-05-26,-0.006616162503036427
2020-05-27,0.023889796291659493
2020-05-28,-0.0002668691637955356
2020-05-29,0.01169913132895338
2020-06-01,0.007420610053294835
2020-06-02,0.009879033378665025
2020-06-03,-0.000394557733624179
2020-06-04,0.011763161051346449
2020-06-05,0.005084206553068404
2020-06-08,0.016185767648125182
2020-06-09,-0.015216995080782225
2020-06-10,0.019061841045527217
2020-06-11,-0.019125686693142407
2020-06-12,0.015903732790862435
2020-06-16,0.04169375519621865
2020-06-17,-0.01654560390118265
2020-06-18,0.009217304052165254
2020-06-24,0.01420583535543693
2020-07-01,0.011278820807540502
2020-07-02,0.024360042639133495
2020-07-03,0.004182115902521294
2020-07-06,0.012779730476368378
2020-07-07,-0.009049417474288224
2020-07-13,0.024625612030083677
2020-07-14,0.006298828354461106
2020-07-15,0.01655439834671968
2020-07-20,-0.004039849364600057
2020-07-21,0.014925389872295858
2020-07-22,-0.003396421952290396
2020-07-23,0.03188815060516159
2020-07-24,0.001962928987945034
2020-07-27,0.05060665872664427
2020-07-28,-0.013900658720960024
2020-07-29,0.0103103412056893
2020-07-30,0.021847946166971388
2020-07-31,-0.010485141740332882
2020-08-03,0.012077628443777133
2020-08-06,-0.024826004279753233
2020-08-07,0.01581391607940974
2020-08-10,-0.00973066300552583
2020-08-11,0.04490159140376426
2020-08-12,-0.012128771251435966
2020-08-13,0.04915802314565698
2020-08-14,-0.032747142988844846
2020-08-17,0.03138359115608069
2020-08-18,0.00625092225329521
2020-08-19,0.02177583864358973
2020-08-21,0.005010788914598274
2020-08-25,0.016590512932597168
2020-08-26,-0.01897586988828892
2020-08-28,0.043258909878025165
2020-08-31,-0.009257359987172198
2020-09-01,0.031136619060809334
2020-09-03,-0.019121875901509267
2020-09-04,0.016340634495499273
2020-09-07,0.05316888186201041
2020-09-08,-0.0007767293701794742
2020-09-15,0.061212988465937146
2020-09-16,-0.011722999927694544
2020-09-17,0.03428001950201942
2020-09-18,0.026874265776041906
2020-09-21,0.021643104961022175
2020-09-22,0.029790698937506743
2020-09-23,-0.019199380995794324
2020-09-24,0.02732519695980029
2020-09-28,0.035733212492173205
2020-09-29,-0.009414772160057039
2020-10-01,0.011720006641458558
2020-10-06,0.020686488762564126
2020-10-08,0.006640560308445176
2020-10-09,0.03932365514095171
2020-10-12,-0.0031701295988022515
2020-10-13,0.007136979749668537
2020-10-14,-0.013953366281177493
2020-10-15,0.051848705012953245
2020-10-19,-0.008504360229536434
2020-10-20,0.03345870359314573
2020-10-22,0.01945279766444752
2020-10-23,0.0013664241488876572
2020-10-28,0.028725845301673436
2020-11-04,0.012447152965865627
2020-11-05,0.04287135893565486
2020-11-10,-0.038891529542156356
2020-11-17,0.020054947462172512
2020-11-18,0.0132233819208053
2020-11-19,0.020706951437196364
2020-11-20,0.016979851622873687
2020-11-23,0.008349034715344539
2020-11-24,0.02674371490577032
2020-11-25,0.024595627492071337
2020-11-26,-0.004352537523852951
2020-11-27,0.016972553416942954
2020-12-01,0.006528207434233546
2020-12-07,0.013865056570872891
2020-12-11,-0.010773061513866478
2020-12-14,0.020415689751525523
2020-12-15,0.015146304519026599
2020-12-18,0.012279578083929987
2020-12-21,-0.01864902362403864
2020-12-22,0.0455788205007146
2020-12-23,-0.01572694448540113
2020-12-24,0.013982588014113229
2020-12-25,0.02086941743266635
2020-12-28,0.003539033461240404
2020-12-29,-0.0022426992698909576
2021-01-04,0.029291936854867417
2021-01-06,0.020302461527243798
2021-01-07,0.033846139539559505
2021-01-11,0.024804055011407478
2021-01-12,-0.014206208754195648
2021-01-13,0.049747035131712525
2021-01-14,-0.007400392366693986
2021-01-15,0.01764275909669677
2021-01-18,0.025028059510668
2021-01-19,0.017090628729270307
2021-01-20,0.008180313838001163
2021-01-25,0.014848816960000288
2021-01-29,-0.01195993802478923
2021-02-01,0.01516520954407019
2021-02-02,0.04111635670010094
2021-02-03,-0.013731893735892897
2021-02-04,0.028888498744426006
2021-02-05,0.010183024504471838
2021-02-08,2.255378431925692e-05
2021-02-09,0.027385777479656814
2021-02-10,0.008161002721779609
2021-02-11,0.025119434749390712
2021-02-12,0.012732467535155528
2021-02-15,0.017837885276103
2021-02-16,0.01348827795529206
2021-02-17,0.02737925001838737
2021-02-18,0.008212746691150574
2021-02-19,0.031506529471726274
2021-02-22,0.009167351721011852
2021-02-23,0.01802823525528563
2021-02-25,0.03201058590995198
2021-02-26,0.004629062914236481
2021-03-01,0.04177756452522141
2021-03-03,-0.012706336987543754
2021-03-08,-0.005824154467323872
2021-03-10,0.04526007219305894
2021-03-11,0.022144776154012114
2021-03-12,0.009076737846307248
2021-03-15,0.0005404064001593989
2021-03-18,0.020747128615665078
2021-03-19,-0.009621071224487299
2021-03-22,0.04864226612158684
2021-03-23,-0.012187787216296986
2021-03-24,0.004591787690743088
2021-03-25,0.021599678931769173
2021-03-26,0.01797807903963322
2021-03-29,0.002058531337746028
2021-03-30,0.011550722518837542
2021-03-31,0.009701232990386832
2021-04-01,0.01787637461624536
2021-04-02,-0.008624488368598138
2021-04-05,0.015307672834286024
2021-04-06,-0.008712595748484042
2021-04-13,0.023443716767591438
2021-04-16,0.000137678896744875
2021-04-19,0.00134542156673223
2021-04-20,0.019983126902754167
2021-04-21,0.004603371071748241
2021-04-22,0.025441307140143588
2021-04-23,0.0021848261298367255
2021-05-03,0.02421717318621308
2021-05-05,-0.00996455904877619
2021-05-06,0.01918604642860533
2021-05-07,0.00520119306477318
2021-05-10,0.006776084585492059
2021-05-12,0.014318601581422286
2021-05-13,0.03177737787351753
2021-05-14,0.015514641737815138
2021-05-17,-0.006188524568404352
2021-05-18,0.009019273230244318
2021-05-19,0.02131522608704517
2021-05-20,0.01384467820120644
2021-05-21,0.00886477842300537
2021-05-24,-0.0008494824103371101
2021-05-25,0.02884215076638419
2021-05-27,-0.008574729797422853
2021-05-28,0.02628503188227005
2021-05-31,0.011873164846656292
2021-06-01,0.01483396923591726
2021-06-02,0.010579967030024687
2021-06-03,0.010585164613359899
2021-06-04,0.007687536280182261
2021-06-07,0.020009447949687953
2021-06-08,-0.008506824892217102
2021-06-09,0.022552179290867502
2021-06-10,-0.0008088421490596021
2021-06-17,0.017212884591537803
2021-06-18,0.012345609738569685
2021-06-21,0.0022896362247802893
2021-06-22,0.022892591446864174
2021-06-23,-0.007173908295583065
2021-06-24,0.014072350001825717
2021-06-25,0.012083312958811043
2021-06-28,0.013203326923978326
2021-06-29,0.011136678400596067
2021-06-30,0.0018881518781174167
2021-07-01,0.009408333334931462
2021-07-06,0.010362167780270645
2021-07-08,0.011800811604479336
2021-07-16,0.013363929792534868
2021-07-19,0.019263693283945726
2021-07-20,0.01971628814547155
2021-07-21,0.023199176275653155
2021-07-28,-0.01489107890703989
2021-07-29,0.03210737772158623
2021-08-03,0.006640117441090998
2021-08-06,0.009039460925002296
2021-08-09,0.00352950918207956
2021-08-10,0.019341450234179908
2021-08-11,0.006539897880966206
2021-08-13,0.01596611861613706
2021-08-17,0.006399021636432814
2021-08-23,0.013189796106813645
2021-08-24,0.012970106170832718
2021-08-25,0.0021143187419339626
2021-08-26,0.01751433741215591
2021-09-01,0.013293396602499785
2021-09-02,0.012507648365482682
2021-09-03,0.005347485370135019
2021-09-06,0.008041593642869521
2021-09-07,0.008006427583607145
2021-09-08,0.0015655434081541797
2021-09-13,0.017982252615969863
2021-09-16,0.013806585714872088
2021-09-17,0.006435390442711658
2021-09-20,0.016402741113143993
2021-09-24,0.022263474171856812
2021-09-27,0.01798706413823059
2021-09-30,0.004993030468988913
2021-10-07,0.020677542370411417
2021-10-08,0.008076916624171149
2021-10-11,0.003315315942761049
2021-10-12,0.014750446206303891
2021-10-13,0.006843244351213418
2021-10-14,0.017150335132911476
2021-10-15,0.004814155384112562
2021-10-19,-0.004080301017715282
2021-10-20,0.010565168524256263
2021-11-03,-0.002409336246076199
2021-11-04,0.013881944252486234
2021-11-05,0.0006436429954982947
2021-11-08,0.0179079274597658
2021-11-09,0.0029390153800207264
2021-11-10,0.017948925919368725
2021-11-11,0.004690037349133869
2021-11-12,0.026485034917757666
2021-11-15,-0.0023503836961439317
2021-11-16,0.0060635172023905115
2021-11-17,0.011045968901528924
2021-11-18,0.002432373057905224
2021-11-22,-4.287050728279951e-05
2021-11-23,-0.004100904462982058
2021-11-25,0.01778722114224121
2021-12-02,0.007829221640338613
2021-12-06,0.035839659312742134
2021-12-07,-0.003255381804809998
2021-12-08,-0.0004630803765302005
2021-12-09,-0.009977499483012853
2021-12-13,0.008614941800947684
2021-12-16,0.018005215607737046
2021-12-17,0.026212497784976918
2021-12-22,0.030469993873554646
2021-12-23,0.0009377416169537023
2021-12-24,0.00421317531877935
2021-12-27,0.009431220837942345
2021-12-28,-0.005302338563311082
2021-12-30,0.021446407533753764
2022-01-03,0.00920327470027238
2022-01-04,0.01417432786333439
2022-01-05,-0.008255644220111824
2022-01-07,0.03440658423603038
2022-01-10,0.015135707178654645
2022-01-11,0.0061957669639596535
2022-01-12,0.010806757292278313
2022-01-13,-0.0026018730801530277
2022-01-14,0.018243122110261245
2022-01-17,0.018738738613267136
2022-01-18,0.0025371841980761367
2022-01-19,0.027935739078977173
2022-01-20,-1.9028345628946397e-05
2022-01-21,0.03093535928063751
2022-01-24,0.00367360837065267
2022-01-25,0.02081476450849068
2022-01-28,0.004691523804289055
2022-01-31,0.013617570231624132
2022-02-01,-0.03291391084304851
2022-02-07,0.015998199658987522
2022-02-08,0.006721384719891477
2022-02-09,0.012607689174013004
2022-02-10,-0.006401720098725139
2022-02-11,0.015987900752227446
2022-02-14,0.024905030012271956
2022-02-15,0.01404114441124249
2022-02-16,0.0024851811010884184
2022-02-23,-0.0036675164323737297
2022-02-24,0.02060115511820748
2022-02-25,0.019250037941658582
2022-02-28,-0.010932365548524725
2022-03-01,0.011828652415045271
2022-03-02,0.007643766223799475
2022-03-03,0.016781369341959396
2022-03-07,-0.010197885393224748
2022-03-08,0.025040506641631488
2022-03-09,0.01770222645679409
2022-03-10,0.008435577020447393
2022-03-11,-0.014059471510327715
2022-03-14,0.04493541277254831
2022-03-15,0.005535568746296127
2022-03-16,0.025401147583288264
2022-03-17,-0.027734838800536066
2022-03-18,0.008458483608619005
2022-03-21,0.0023131814977634946
2022-03-22,-0.0028458366777799893
2022-03-24,0.008883818745931249
2022-03-25,-0.006793745934050799
2022-03-28,0.0040033955877119
2022-03-29,0.011675502575103414
2022-03-30,0.004942496834744903
2022-04-01,0.00151456775183334
2022-04-04,0.02223783005287791
2022-04-05,0.0035004063852437373
2022-04-06,0.0005716867374643275
2022-04-07,0.03351853161773799
2022-04-08,0.010360257070896495
2022-04-11,0.01048498089701122
2022-04-12,0.02134555442341579
2022-04-13,0.0204982995531946
2022-04-14,-0.006837746034380476
2022-04-15,0.01098996250667561
2022-04-18,0.03106989093394752
2022-04-19,-0.0030042540061918227
2022-04-21,0.015507034934829522
2022-04-25,-0.004176961603950702
2022-04-26,0.02083154063202819
2022-04-27,0.0009711725498684487
2022-04-28,0.04140010516287851
2022-05-03,-0.014526032732804062
2022-05-05,-0.010380094609065527
2022-05-06,0.01915887372304592
2022-05-09,0.0366193938983006
2022-05-13,-0.008977599540926029
2022-05-16,0.040145239640756
2022-05-17,-0.033753551224917966
2022-05-18,0.039737310094792866
2022-05-26,-0.024912745303979023
2022-05-27,0.06034146984613642
2022-05-30,-0.04464313376851958
2022-05-31,0.012085894273023312
2022-06-01,0.011397058776103697
2022-06-03,0.007816878681645212
2022-06-06,0.013899951540684352
2022-06-10,0.03292864170006693
2022-06-13,-0.007607407179544445
2022-06-17,0.04837999080567501
2022-06-21,0.007774941159671256
2022-06-24,-0.0034614831816667246
2022-06-27,0.009868299382302714
2022-06-28,-0.013530828008060936
2022-06-29,0.021808087627379402
2022-06-30,0.017503330471655976
2022-07-01,-0.008835435914619216
2022-07-04,0.026761955485208766
2022-07-05,-0.02030696468019877
2022-07-06,0.00881908831069711
2022-07-07,0.004386763503911317
2022-07-08,-0.0010411115364843404
2022-07-11,-0.005847528036346028
2022-07-12,0.013492969124804466
2022-07-15,0.013732176971184118
2022-07-18,-0.002831993861857285
2022-07-20,0.007105600811684987
2022-07-26,0.021219316863428705
2022-07-27,-0.010595987882114688
2022-07-28,0.021400433078416103
2022-07-29,-0.026394768135524105
2022-08-04,0.0234023224448916
2022-08-05,-0.024546408826130683
2022-08-09,0.030699610769454322
2022-08-10,-0.003706963373950753
2022-08-11,0.013697336963652829
2022-08-12,-0.012614651457053094
2022-08-15,0.0239786638924675
2022-08-16,-0.015614998404759772
2022-08-17,0.020801461074580446
2022-08-18,0.003072363389754418
2022-08-19,0.00790509352170421
2022-08-22,0.014280302941966028
2022-08-23,0.020025485932111176
2022-08-24,0.019563416928154997
2022-08-25,0.003551974004635222
2022-08-26,0.009313052288749457
2022-08-29,0.0011836351754137553
2022-08-31,0.041946688134745114
2022-09-07,-0.001947780385276654
2022-09-09,0.020277603831474367
2022-09-12,-0.008772066824416669
2022-09-13,0.0007732165106388855
2022-09-16,-0.010699611214855853
2022-09-19,0.05497379151854598
2022-09-20,-0.015491119204214199
2022-09-22,0.0022795246914800726
2022-09-26,0.0011104046067121898
2022-10-03,0.01732703098609506
2022-10-04,-0.0015669737186947419
2022-10-06,-0.009743157428824922
2022-10-10,0.0030446549107913112
2022-10-11,0.018382398156209123
2022-10-12,0.0034255692939942906
2022-10-13,0.021058308355825672
2022-10-14,0.0023813442494180492
2022-10-17,-0.007722905730093377
2022-10-20,0.041127545374137986
2022-10-21,-0.0308220963189223
2022-10-24,0.03461693253779963
2022-10-25,-0.025974575629236107
2022-10-26,0.020444375221276845
2022-10-27,-0.007063563249554372
2022-10-28,0.03914613634831232
2022-11-02,0.010665082631507783
2022-11-03,-0.021822216810204687
2022-11-04,0.061559626102666964
2022-11-07,0.008989745388003012
2022-11-08,0.009972161017107212
2022-11-09,0.00506074441771362
2022-11-10,0.011317969499342162
2022-11-11,0.02685194534574853
2022-11-16,-0.0396147259647579
2022-11-17,0.02636259109002559
2022-11-21,0.004542917573280625
2022-11-22,0.005427132412649582
2022-11-23,0.02675552577029483
2022-11-24,-0.012278813478726613
2022-11-25,0.020621286505236203
2022-11-28,0.017105657056268875
2022-11-29,0.006793419572878712
2022-11-30,0.03123727581312674
2022-12-01,0.005269227914243668
2022-12-02,-0.025186885356824673
2022-12-05,0.02908477383850877
2022-12-06,0.00012103781991823492
2022-12-07,0.02244581597332229
2022-12-08,0.01973483976437007
2022-12-09,0.009710588649845975
2022-12-12,-0.001823645964075915
2022-12-13,0.014975241246298676
2022-12-14,-0.008703615405161846
2022-12-15,0.015229206058006373
2022-12-16,0.019462038912368307
2022-12-19,0.035192350155003105
2022-12-20,0.001136322526152922
2022-12-21,0.020835213895929683
2022-12-22,-0.0050267848058291875
2022-12-23,-0.0023350327900240053
2022-12-27,0.028916483669159776
2022-12-28,-0.006381686455634472
2022-12-30,0.015769480548666115
2023-01-02,0.021028759665714825
2023-01-04,-0.0035202582627960055
2023-01-05,0.03559002860942506
2023-01-06,-0.021964976853608098
2023-01-09,0.024195241147043856
2023-01-10,-0.035245050628502694
2023-01-11,0.025779484462116753
2023-01-12,-0.013117258457879588
2023-01-13,0.0008887041994253275
2023-01-16,0.007652013642803102
2023-01-17,-0.0040467881713269205
2023-01-18,0.005233109961859328
2023-01-19,0.006594046637120821
2023-01-20,0.00901108142244414
2023-01-23,0.0014442193966519579
2023-01-24,-0.007694036204433541
2023-01-25,-0.0031856663155985787
2023-01-26,0.005882271994770427
2023-01-27,0.00946547876008852
2023-01-30,-0.006733522398065017
2023-01-31,0.007562232022741089
2023-02-06,0.02074984039027139
2023-02-07,-0.006464749229232458
2023-02-08,0.026309685577358133
2023-02-09,-0.01762425275915591
2023-02-10,0.03523868257162399
2023-02-13,-0.006314345200326699
2023-02-14,0.010595379489808376
2023-02-15,-0.009232222264733969
2023-02-16,0.01836692212356994
2023-02-20,-0.009416791022376136
2023-02-21,0.02685130892486831
2023-02-23,0.013374233221110865
2023-02-28,0.0011708804136555118
2023-03-01,0.006842868861172857
2023-03-02,0.009233263543586112
2023-03-03,0.013609154734202877
2023-03-06,-0.005560023619460175
2023-03-07,-0.014258053499978995
2023-03-08,0.00721827846493861
2023-03-09,0.01626861284956932
2023-03-10,-0.004084592194855907
2023-03-13,0.025122756740805552
2023-03-14,0.003435205839781297
2023-03-16,-0.003328809057261517
2023-03-17,0.0003086817659312402
2023-03-20,-0.0024734168489830566
2023-03-21,0.015249914800285369
2023-03-22,-0.010424863085504277
2023-03-24,0.010267154546894752
2023-03-27,0.011485214478775263
2023-03-29,-0.00021411170824658932
2023-03-30,0.01899277342485317
2023-03-31,-0.015230494719780552
2023-04-03,0.012971047800817814
2023-04-04,-0.007267277200876443
2023-04-05,0.012333205555126348
2023-04-11,0.00915194706781941
2023-04-18,0.016300085398583852
2023-04-19,0.007424978949935601
2023-04-20,0.0017893974577769534
2023-04-21,0.007032330379365681
2023-04-24,0.0135456457570996
2023-04-25,0.011026613638696559
2023-04-26,0.004836314391150509
2023-04-27,0.015853332049650948
2023-04-28,-0.0005527687213762178
2023-05-01,-0.008953109845513452
2023-05-02,0.012874550579273697
2023-05-03,0.006063784013713491
2023-05-04,0.014208247228841397
2023-05-08,0.009439034533421209
2023-05-10,0.013631664547686051
2023-05-12,0.002868106250960678
2023-05-15,0.0031039507483237028
2023-05-16,0.014389180969338194
2023-05-17,0.005170987937687485
2023-05-19,0.008246501119667987
2023-05-22,0.004025106759154462
2023-05-23,0.009374736449112464
2023-05-25,0.01131075946874649
2023-05-26,0.014768634546599546
2023-05-30,-0.004237231324120683
2023-06-02,0.0035964295525292567
2023-06-05,0.008955301857143966
2023-06-06,0.0033525057253858126
2023-06-07,0.015216202769330667
2023-06-13,0.004205324319774162
2023-06-14,0.014389398852687696
2023-06-19,0.00358997554577567
2023-06-20,0.005958328772722399
2023-06-23,0.006792163214120128
2023-06-27,0.0067583450146669055
2023-06-28,0.006433115159277247
2023-06-29,-0.004636973658142307
2023-06-30,0.00932155897628123
2023-07-04,0.0023062742850208373
2023-07-06,-0.005932121376407862
2023-07-07,0.019872393116101505
2023-07-10,-0.0013805553237549173
2023-07-11,0.01808763487516163
2023-07-12,0.008718255777070583
2023-07-13,0.007151746225239619
2023-07-17,-7.570964433933902e-06
2023-07-18,0.0069939636489184664
2023-07-19,-0.004910013827268522
2023-07-20,0.015537610740779806
2023-07-24,-0.0014867788871717469
2023-07-25,0.020084003992210886
2023-07-26,-0.0037729492056410574
2023-07-27,0.010710119548051289
2023-07-28,0.002988974973743508
2023-07-31,0.013946433476292763
2023-08-01,-0.006433220147228413
2023-08-02,0.014558593805905184
2023-08-03,0.008140320957749081
2023-08-04,0.019089536175116217
2023-08-07,0.009448506101754628
2023-08-09,0.040140171343513
2023-08-10,-0.001985434404134012
2023-08-14,0.01638379432139614
2023-08-15,-0.0017076935815417693
2023-08-16,0.0035434282846791287
2023-08-17,0.014780165094882891
2023-08-18,0.003844592787065948
2023-08-21,0.015539006003735367
2023-08-22,-0.005062116959994922
2023-08-23,0.0040667386425728425
2023-08-24,-0.0026368156179366053
2023-08-25,-0.0039040366206088972
2023-08-28,0.028478247368763587
2023-08-29,-0.01971656974853797
2023-08-31,0.011709576200888527
2023-09-01,-0.014535232298539036
2023-09-04,0.016373520571050848
2023-09-06,-0.007043351289190369
2023-09-08,0.01605480044805363
2023-09-12,0.024798508950059306
2023-09-19,-0.008158762625972482
2023-09-20,0.024601664439234838
2023-09-21,-0.010321862035314933
2023-09-22,0.02885975085850989
2023-09-25,-0.005089910501754558
2023-09-26,0.005159398098620538
2023-09-27,0.00012026269779830123
2023-09-28,0.024074194263370874
2023-09-29,-0.002823736424120593
2023-10-02,0.005633863137700049
2023-10-03,-0.0016715110576818182
2023-10-05,-0.0034777853400344005
2023-10-06,0.012930338745629988
2023-10-09,-0.008805269124857795
2023-10-10,-9.796919112803337e-05
2023-10-11,0.000697696207213161
2023-10-12,0.007897038569504689
2023-10-13,-0.004445063922007053
2023-10-16,0.006791621087298139
2023-10-18,0.010165205355520013
2023-10-19,0.001437087870784115
2023-10-20,0.010973654500289365
2023-10-23,0.002222952663808786
2023-10-24,0.014979821260414417
2023-10-25,-0.00459052177039683
2023-10-26,0.0074901129194957505
2023-10-27,0.01262223435677412
2023-10-30,0.013864080864390949
2023-10-31,-0.011545991527646127
2023-11-01,0.002020025991769425
2023-11-02,-0.0005049892079049823
2023-11-03,-0.01042846774357109
2023-11-06,-0.002698938829981179
2023-11-07,0.010009705228791632
2023-11-08,-0.012101311338516663
2023-11-09,0.0028307008235828324
2023-11-10,0.0011289041069084127
2023-11-14,0.006068234951418061
2023-11-15,-0.014718013281097564
2023-11-16,0.006253454515160239
2023-11-17,0.0014417774430222074
2023-11-21,0.0010109662911483852
2023-11-24,0.008491537149715678
2023-11-27,0.0064320668378032575
2023-11-28,0.004546830995239476
2023-11-29,0.0059503219463999946
2023-11-30,0.002830896084638601
2023-12-01,0.010198435120310184
2023-12-04,-0.0009449474749581022
2023-12-05,0.00476382262985886
2023-12-06,0.010310123485184564
2023-12-11,-0.012832810184797538
2023-12-12,0.02183998232885398
2023-12-13,0.0036570747233786727
2023-12-14,-0.0014715955324928753
2023-12-15,-0.0028734494537026034
2023-12-18,0.010286554447999169
2023-12-19,0.005250682571889653
2023-12-20,0.011030386599585662
2023-12-21,-0.0013004790544740574
2023-12-22,0.01696027243747339
2023-12-25,-0.0013159805763331978
2023-12-26,0.01293466622129455
2023-12-27,0.0017788058653168404
2023-12-28,0.006362221628216487
2023-12-29,0.0029939217745688362
2024-01-02,0.00450965623151256
2024-01-03,0.011871698616226833
2024-01-04,0.026203581122056896
2024-01-05,-0.003716755051373477
2024-01-10,0.017146671406368552
2024-01-17,-0.0032234063143959935
2024-01-18,0.003098478984613351
2024-01-19,0.0036997624996402134
2024-01-22,-0.022298256652986792
2024-01-23,0.007282298892383188
2024-01-24,-0.007308326830162637
2024-01-29,0.006898626849132616
2024-01-30,0.0056866195836494104
2024-02-02,0.007758123677398032
2024-02-05,0.016223540313840545
2024-02-06,-0.001021036003396536
2024-02-07,-0.0015216696652113892
2024-02-08,0.000731493680300066
2024-02-09,0.0059796441617202545
2024-02-12,0.006375802691956228
2024-02-13,3.656201985768881e-05
2024-02-14,0.013586616075934255
2024-02-15,0.005949477756414412
2024-02-16,0.005220110411718687
2024-02-19,0.003756304341615113
2024-02-20,0.009047833645410064
2024-02-21,0.0019869810226052498
2024-02-22,0.0027754241824092807
2024-02-23,-0.0013858569664396692
2024-02-26,-0.0018101138457882193
2024-02-27,0.013804896693348057
2024-02-28,0.0005633490575455702
2024-02-29,-0.0014437125223585867
2024-03-05,0.010314840459288988
2024-03-06,0.0030164432264654373
2024-03-07,0.02289565841713226
2024-03-08,-0.006978381611107531
2024-03-11,0.006299809042985216
2024-03-12,-0.009844318093672477
2024-03-14,6.273811756735137e-05
2024-03-18,0.00014661695098994176
2024-03-19,-0.0052413471461232874
2024-03-20,0.001020364001810048
2024-03-21,-0.007856256752979407
2024-03-22,0.002356984202049439
2024-03-25,0.03210054581807409
2024-03-26,-0.01941396223369596
2024-03-27,0.02178685417546833
2024-03-28,-0.007465573638248513
2024-04-01,-0.0068987502235379194
2024-04-04,0.015261786450589676
2024-04-05,-0.00581354977851728
2024-04-08,0.009648357338289226
2024-04-09,-0.00570770285868849
2024-04-10,0.01050154677699544
2024-04-11,-0.007938894362912952
2024-04-16,0.01168564065540778
2024-04-17,-0.03390177971071351
2024-04-18,0.03916736297721557
2024-04-19,-0.014332686333874856
2024-04-22,0.016849002772085342
2024-04-25,0.0005966859683953496
2024-04-26,-0.0023581302831832684
2024-04-29,0.00035553523158166067
2024-04-30,0.002409345258691298
2024-05-01,-0.015261522863587063
2024-05-02,0.026105114229461657
2024-05-03,-0.011223706897871999
2024-05-06,-0.011226724130082744
2024-05-07,-0.02414011516909298
2024-05-08,0.02567768062057757
2024-05-09,-0.014181865258646856
2024-05-10,0.01089532071495658
2024-05-13,-0.008656485418876592
2024-05-14,0.01344649321148772
2024-05-15,-0.016838741405850843
2024-05-16,0.009931999989705842
2024-05-17,-0.00947599988593767
2024-05-20,0.011127992717732113
2024-05-21,-0.0016875671642185286
2024-05-22,0.0017469531793874449
2024-05-23,0.0006745358093790399
2024-05-24,0.01309128337112897
2024-05-27,0.011371545271906092
2024-05-28,-0.013810865667042371
2024-05-29,0.01398632184752735
2024-05-30,-0.003137183006671318
2024-05-31,0.005810826065566932
2024-06-03,-0.0022419636397053577
2024-06-04,0.0026114416699052345
2024-06-05,-0.002532721848185926
2024-06-10,0.00578999451238571
2024-06-11,-0.0011924578668498498
2024-06-12,0.016345274983570413
2024-06-18,-0.04177976534646399
2024-06-19,0.013546547766059458
2024-06-20,0.01006648627768758
2024-06-21,0.0172767268745343
2024-06-24,-0.002401759133841108
2024-06-25,0.015790180567122947
2024-06-26,-0.00559043750773805
2024-06-27,0.005152636985856107
2024-06-28,-0.010906042131085258
2024-07-01,0.012937146067061311
2024-07-02,0.008765816347213962
2024-07-03,-0.02059808865186208
2024-07-04,0.008557332446675725
2024-07-05,-0.0026817705585777674
2024-07-08,-0.0049499565834172365
2024-07-10,0.012068512348538452
2024-07-12,-0.004181062709617489
2024-07-15,-0.002295826051612715
2024-07-17,0.0009905266950406277
2024-07-18,0.0006825531768970272
2024-07-19,0.031094756623278874
2024-07-22,0.006167732213016253
2024-07-23,0.005669530474038564
2024-07-24,0.006905978486650033
2024-07-25,0.004678223817669469
2024-07-26,0.027883958571299106
2024-07-29,-0.005189997291066811
2024-07-30,0.009884398747380702
2024-07-31,0.001226029536482487
2024-08-01,0.0044518381388237716
2024-08-02,-0.003412701339456703
2024-08-05,0.022435106761521384
2024-08-06,-0.00599024639363499
2024-08-07,0.04625706452844258
2024-08-08,-0.015654747518663803
2024-08-09,0.005446444179004195
2024-08-12,-0.00970594555873372
2024-08-13,0.0028137892175102985
2024-08-14,-0.0005667101897539606
2024-08-16,-0.00407388232848116
2024-08-22,0.009157347893548051
2024-08-23,-0.0003537718095275588
2024-08-26,0.014061314762674582
2024-08-27,-0.0075519725304419305
2024-08-28,0.012072631002135126
2024-08-29,-0.000529297327877376
2024-09-05,0.012797958592363212
2024-09-06,-0.010188824523007789
2024-09-09,0.011115367886190497
2024-09-13,0.007612419768770029
2024-09-16,0.004286762096651908
2024-09-17,0.009918639718654365
2024-09-19,0.022628703067922418
2024-09-20,-0.010887179049831719
2024-09-23,-0.011645009133232076
2024-09-24,0.01921625945290084
2024-09-25,0.0024771248340485497
2024-09-26,0.00488301099634092
2024-10-02,0.008633188798583047
2024-10-04,-0.0004096252291971303
2024-10-07,0.006861991566067233
2024-10-08,0.003252192240689622
2024-10-09,0.02151403738949642
2024-10-10,-0.019666265315738785
2024-10-15,0.009098902117918528
2024-10-16,0.0043963112928321335
2024-10-18,-0.00045939455819277164
2024-10-21,0.015140621769108131
2024-10-22,-0.009329303161641267
2024-10-24,0.011137935864526688
2024-10-25,0.005049634853610693
2024-10-28,0.006926415432928934
2024-10-29,0.0020485778602732374
2024-10-30,0.002263436331904234
2024-10-31,0.009267563018509062
2024-11-04,0.01703564878888253
2024-11-07,0.012469386488296208
2024-11-08,0.002031545663474299
2024-11-11,-0.007882939845913484
2024-11-12,0.016085425035160972
2024-11-13,0.008007868831744258
2024-11-14,0.003472873544195648
2024-11-15,0.0024456424752851147
2024-11-18,-0.0012462676605173861
2024-11-19,0.018879553579887465
2024-11-20,-0.012548019218407813
2024-11-21,0.01570754080134966
2024-11-22,-0.0025013611821472492
2024-11-25,0.011709437249659338
2024-11-26,-0.0034866465492660037
2024-11-27,0.0011912616717721924
2024-11-28,0.0023114237884325206
2024-11-29,0.008060333122627217
2024-12-02,-0.002275176836761539
2024-12-03,0.010800761330139741
2024-12-04,-0.00435211969183924
2024-12-05,0.003933138064163344
2024-12-06,0.007513009811724952
2024-12-09,0.006402439732377599
2024-12-10,0.006143451177880066
2024-12-11,-0.004780457690868434
2024-12-12,0.011879520017881617
2024-12-13,0.007439795020805551
2024-12-16,0.002438698184440785
2024-12-17,0.008420701547311005
2024-12-19,-0.002974933578867689
2024-12-20,0.006061380787984849
2024-12-23,0.0016913710875281485
2024-12-24,-0.0024137556706124164
2024-12-25,0.011238152131439638
2024-12-26,-0.0022845044535122483
2024-12-27,0.01259577724047184
2024-12-30,0.007094090635364814
2024-12-31,0.019905422871430045
2025-01-02,0.010995032763382206
2025-01-03,0.013257969148396942
2025-01-06,0.023062205307202266
2025-01-07,-0.002099532299096818
2025-01-08,0.008576229352714293
2025-01-09,0.01399974318712427
2025-01-10,0.0030627984981344003
2025-01-13,0.02625092396100659
2025-01-14,-0.005134936084824848
2025-01-21,0.020887860113364298
2025-01-27,0.00014417333154853607
2025-01-28,0.006203564314317234
2025-01-30,-0.0207662353829976
2025-01-31,-0.002495407937578298
2025-02-03,0.019059114860550286
2025-02-04,0.007624281202594396
2025-02-05,0.028669849564589622
2025-02-06,-0.022682119232393605
2025-02-07,0.025040474759780967
2025-02-10,-0.004981967923282538
2025-02-11,0.030574752418813467
2025-02-13,-0.012012635331400512
2025-02-14,-0.0006017795709800655
2025-02-18,-0.00462657278354861
2025-02-19,0.004680281761803462
2025-02-20,0.008373795409150439
2025-02-21,0.004690257785948754
2025-02-24,0.00579344847121302
2025-02-25,0.008150251474312253
2025-02-26,0.00189950465746902
2025-02-27,0.013112880517408332
2025-02-28,0.024092864059838126
2025-03-03,0.0031312884767025206
2025-03-04,-0.0041471940169564014
2025-03-05,0.02531356779645011
2025-03-06,0.000994317310515136
2025-03-07,0.009828285906614748
2025-03-11,0.0033822328889782094
2025-03-12,-0.0012052521480174772
2025-03-13,0.03336240419508596
2025-03-14,0.004283068721554706
2025-03-17,0.0281170671838753
2025-03-18,-0.02336640125098166
2025-03-19,0.020803364311445027
2025-03-20,-0.0017192187285243188
2025-03-21,0.00040754936944847886
2025-03-26,0.009574096417474642
2025-03-28,-0.011266667877828596
2025-03-31,0.024768001567728737
2025-04-01,0.010004994113695487
2025-04-02,-0.01358634527463276
2025-04-03,0.012130401821462508
2025-04-08,0.0023675401525244943
2025-04-14,0.043879694551736126
2025-04-15,0.01042658683738984
2025-04-16,-0.017633317866146303
2025-04-17,0.020895789989923585
2025-04-18,0.018885063896775245
2025-04-21,-0.01612126441665418
2025-04-22,0.02781858392861658
2025-04-23,-0.0168546906720084
2025-05-07,-0.013137854841176022
2025-05-08,-0.003899814179906258
2025-05-09,0.015249124147805326
2025-05-12,-0.009491538504901198
2025-05-13,0.002483190438488325
2025-05-14,-0.032211842037267235
2025-05-15,0.019522586296408684
2025-05-16,-0.002320119459374881
2025-05-19,0.01152858612059432
2025-05-21,0.0015746414806001585
2025-05-22,0.016426601143182618
2025-05-26,0.013199427402998287
2025-05-28,-0.002355631279413961
2025-06-02,-0.0114911723061768
2025-06-06,0.01204780800225011
2025-06-10,-0.005757222699133591
2025-06-12,-0.002532053766737652
2025-06-16,0.003831885854278766
2025-06-17,0.0022065292210652343
2025-06-18,-0.00018588088022819527
2025-06-19,0.017075105675486424
2025-06-20,-0.00916647200516385
2025-06-23,-0.0035851777101262305
2025-06-24,0.00966462628355684
2025-06-25,0.0005425434838934873
2025-06-26,0.011071023862805618
2025-06-27,-0.003544350691679077
2025-06-30,0.011775359679881928
2025-07-03,-0.001873336767927114
2025-07-04,-0.006455947477467805
2025-07-07,0.009947340581384356
2025-07-08,0.01434092496052397
2025-07-09,-0.001101921428947529
2025-07-10,0.007606157048131501
2025-07-11,-0.0014580680506477983
2025-07-14,0.004892597500412876
2025-07-15,0.010308437990498742
2025-07-16,0.009813606456197554
2025-07-18,-0.0009183500359409846
2025-07-21,0.003713776584882811
2025-07-22,0.0006022006064778096
2025-07-23,0.0019318900972267183
2025-07-24,0.00018956903530936708
2025-07-25,0.008918321746337748
2025-07-30,0.0037541954521867343
2025-07-31,0.006138035888223592
2025-08-01,0.012288937728963445
2025-08-04,0.007354387849182409
2025-08-06,0.020146196135243044
2025-08-07,-0.014109031832089336
2025-08-08,-0.022979446133707615
2025-08-11,-0.004777574927140815
2025-08-12,-0.017632310658703743
2025-08-13,0.026251535524532854
2025-08-14,-0.015160598935135439
2025-08-22,0.008503198773175014
2025-08-26,0.006349841931561295
2025-08-27,-0.002975938266420952
2025-08-28,0.005865436731360696
2025-08-29,0.003495597279802032
2025-09-04,0.003345240858024484
2025-09-05,0.010768702565865984
2025-09-08,0.0014434463738523806
2025-09-09,0.01218204157361702
2025-09-10,0.011413227140963711
2025-09-11,0.01845991870892627
2025-09-12,0.021722977562090406
2025-09-16,-0.015171767034769967
2025-09-22,0.0065427141485215334
2025-09-23,-0.0014230257145526615
2025-09-25,-0.018266604068345238
2025-09-26,0.026746013693079496
2025-10-06,-0.016394567666235482
2025-10-07,0.027433400553778964
2025-10-08,-0.00021280075277801958
2025-10-09,0.012679047196912152
2025-10-10,0.00177726895534569
2025-10-13,0.026015299942654835
2025-10-14,0.02006433519555828
2025-10-15,-0.00845800984684869
2025-10-16,0.015383969897232452
2025-10-17,-0.0021194944809777017
2025-10-20,0.01618467948145108
2025-10-21,-0.016672945767004954
2025-10-22,-0.0067187056137636425
2025-10-23,0.017152359734331046
2025-10-24,0.01390196936308219
2025-11-03,-0.0004399736048369407
2025-11-04,0.004244002834953076
2025-11-05,0.01344162746418337
2025-11-06,0.0017773189044102966
2025-11-07,0.011530650931157321
2025-11-10,0.0071239004897545866
2025-11-11,0.011321570437894002
2025-11-13,0.000208497613130465
2025-11-14,-0.002919623554707762
